Packet_Nbre,Cycle,HPM0,HPM2,HPM3,HPM4,HPM5,HPM6,HPM7,HPM8,HPM9,HPM10,HPM11
legitime,96.0,96.0,13.0,0.0,0.0,52.0,1.0,1.0,1.0,1.0,0.0,6.0
legitime,45361.0,45361.0,14342.0,472.0,68.0,14840.0,2389.0,2046.0,1403.0,2195.0,1135.0,9760.0
legitime,41582.0,41582.0,13526.0,451.0,60.0,12947.0,2253.0,1918.0,1347.0,2055.0,1079.0,9268.0
legitime,48770.0,48770.0,15974.0,511.0,84.0,15239.0,2661.0,2302.0,1515.0,2475.0,1247.0,10744.0
legitime,42780.0,42780.0,13934.0,461.0,64.0,13329.0,2321.0,1982.0,1375.0,2125.0,1107.0,9514.0
legitime,47572.0,47572.0,15566.0,501.0,80.0,14857.0,2593.0,2238.0,1487.0,2405.0,1219.0,10498.0
legitime,48188.0,48188.0,15770.0,506.0,82.0,15048.0,2627.0,2270.0,1501.0,2440.0,1233.0,10621.0
legitime,42780.0,42780.0,13934.0,461.0,64.0,13329.0,2321.0,1982.0,1375.0,2125.0,1107.0,9514.0
legitime,49369.0,49369.0,16178.0,516.0,86.0,15430.0,2695.0,2334.0,1529.0,2510.0,1261.0,10867.0
legitime,46973.0,46973.0,15362.0,496.0,78.0,14666.0,2559.0,2206.0,1473.0,2370.0,1205.0,10375.0
legitime,50901.0,50901.0,16736.0,524.0,88.0,15930.0,2753.0,2387.0,1558.0,2605.0,1305.0,11143.0
legitime,42482.0,42482.0,13880.0,454.0,60.0,13256.0,2277.0,1939.0,1362.0,2115.0,1109.0,9421.0
legitime,50269.0,50269.0,16532.0,519.0,86.0,15739.0,2719.0,2355.0,1544.0,2570.0,1291.0,11020.0
legitime,46692.0,46692.0,15308.0,489.0,74.0,14593.0,2515.0,2163.0,1460.0,2360.0,1207.0,10282.0
legitime,51467.0,51467.0,16940.0,529.0,90.0,16121.0,2787.0,2419.0,1572.0,2640.0,1319.0,11266.0
legitime,41284.0,41284.0,13472.0,444.0,56.0,12874.0,2209.0,1875.0,1334.0,2045.0,1081.0,9175.0
legitime,43081.0,43081.0,14084.0,459.0,62.0,13447.0,2311.0,1971.0,1376.0,2150.0,1123.0,9544.0
legitime,47873.0,47873.0,15716.0,499.0,78.0,14975.0,2583.0,2227.0,1488.0,2430.0,1235.0,10528.0
legitime,43081.0,43081.0,14084.0,459.0,62.0,13447.0,2311.0,1971.0,1376.0,2150.0,1123.0,9544.0
legitime,42482.0,42482.0,13880.0,454.0,60.0,13256.0,2277.0,1939.0,1362.0,2115.0,1109.0,9421.0
legitime,40668.0,40668.0,13268.0,439.0,54.0,12683.0,2175.0,1843.0,1320.0,2010.0,1067.0,9052.0
legitime,46675.0,46675.0,15308.0,489.0,74.0,14593.0,2515.0,2163.0,1460.0,2360.0,1207.0,10282.0
legitime,43081.0,43081.0,14084.0,459.0,62.0,13447.0,2311.0,1971.0,1376.0,2150.0,1123.0,9544.0
legitime,44878.0,44878.0,14696.0,474.0,68.0,14020.0,2413.0,2067.0,1418.0,2255.0,1165.0,9913.0
legitime,44878.0,44878.0,14696.0,474.0,68.0,14020.0,2413.0,2067.0,1418.0,2255.0,1165.0,9913.0
legitime,46684.0,46684.0,15308.0,489.0,74.0,14593.0,2515.0,2163.0,1460.0,2360.0,1207.0,10282.0
legitime,41883.0,41883.0,13676.0,449.0,58.0,13065.0,2243.0,1907.0,1348.0,2080.0,1095.0,9298.0
legitime,43081.0,43081.0,14084.0,459.0,62.0,13447.0,2311.0,1971.0,1376.0,2150.0,1123.0,9544.0
legitime,44279.0,44279.0,14492.0,469.0,66.0,13829.0,2379.0,2035.0,1404.0,2220.0,1151.0,9790.0
legitime,43680.0,43680.0,14288.0,464.0,64.0,13638.0,2345.0,2003.0,1390.0,2185.0,1137.0,9667.0
legitime,40069.0,40069.0,13064.0,434.0,52.0,12492.0,2141.0,1811.0,1306.0,1975.0,1053.0,8929.0
legitime,40685.0,40685.0,13268.0,439.0,54.0,12683.0,2175.0,1843.0,1320.0,2010.0,1067.0,9052.0
legitime,47873.0,47873.0,15716.0,499.0,78.0,14975.0,2583.0,2227.0,1488.0,2430.0,1235.0,10528.0
legitime,43081.0,43081.0,14084.0,459.0,62.0,13447.0,2311.0,1971.0,1376.0,2150.0,1123.0,9544.0
legitime,51484.0,51484.0,16940.0,529.0,90.0,16121.0,2787.0,2419.0,1572.0,2640.0,1319.0,11266.0
legitime,49670.0,49670.0,16328.0,514.0,84.0,15548.0,2685.0,2323.0,1530.0,2535.0,1277.0,10897.0
legitime,51484.0,51484.0,16940.0,529.0,90.0,16121.0,2787.0,2419.0,1572.0,2640.0,1319.0,11266.0
legitime,45477.0,45477.0,14900.0,479.0,70.0,14211.0,2447.0,2099.0,1432.0,2290.0,1179.0,10036.0
legitime,47274.0,47274.0,15512.0,494.0,76.0,14784.0,2549.0,2195.0,1474.0,2395.0,1221.0,10405.0
legitime,50885.0,50885.0,16736.0,524.0,88.0,15930.0,2753.0,2387.0,1558.0,2605.0,1305.0,11143.0
legitime,41866.0,41866.0,13676.0,449.0,58.0,13065.0,2243.0,1907.0,1348.0,2080.0,1095.0,9298.0
legitime,50286.0,50286.0,16532.0,519.0,86.0,15739.0,2719.0,2355.0,1544.0,2570.0,1291.0,11020.0
legitime,44279.0,44279.0,14492.0,469.0,66.0,13829.0,2379.0,2035.0,1404.0,2220.0,1151.0,9790.0
legitime,48472.0,48472.0,15920.0,504.0,80.0,15166.0,2617.0,2259.0,1502.0,2465.0,1249.0,10651.0
legitime,49692.0,49692.0,16328.0,514.0,84.0,15548.0,2685.0,2323.0,1530.0,2535.0,1277.0,10897.0
legitime,42465.0,42465.0,13880.0,454.0,60.0,13256.0,2277.0,1939.0,1362.0,2115.0,1109.0,9421.0
legitime,50286.0,50286.0,16532.0,519.0,86.0,15739.0,2719.0,2355.0,1544.0,2570.0,1291.0,11020.0
legitime,48472.0,48472.0,15920.0,504.0,80.0,15166.0,2617.0,2259.0,1502.0,2465.0,1249.0,10651.0
legitime,47291.0,47291.0,15512.0,494.0,76.0,14784.0,2549.0,2195.0,1474.0,2395.0,1221.0,10405.0
legitime,41866.0,41866.0,13676.0,449.0,58.0,13065.0,2243.0,1907.0,1348.0,2080.0,1095.0,9298.0
legitime,48489.0,48489.0,15920.0,504.0,80.0,15166.0,2617.0,2259.0,1502.0,2465.0,1249.0,10651.0
legitime,47260.0,47260.0,15308.0,489.0,74.0,14593.0,2515.0,2163.0,1460.0,2360.0,1207.0,10282.0
legitime,48489.0,48489.0,15920.0,504.0,80.0,15166.0,2617.0,2259.0,1502.0,2465.0,1249.0,10651.0
legitime,49674.0,49674.0,16124.0,509.0,82.0,15662.0,2651.0,2291.0,1516.0,2500.0,1263.0,10774.0
legitime,43100.0,43100.0,14084.0,459.0,62.0,13466.0,2311.0,1971.0,1376.0,2150.0,1123.0,9544.0
legitime,50868.0,50868.0,16736.0,524.0,88.0,15930.0,2753.0,2387.0,1558.0,2605.0,1305.0,11143.0
legitime,39488.0,39488.0,12860.0,429.0,50.0,12301.0,2107.0,1779.0,1292.0,1940.0,1039.0,8806.0
legitime,51433.0,51433.0,16940.0,529.0,90.0,16121.0,2787.0,2419.0,1572.0,2640.0,1319.0,11266.0
legitime,43646.0,43646.0,14288.0,464.0,64.0,13638.0,2345.0,2003.0,1390.0,2185.0,1137.0,9667.0
legitime,49037.0,49037.0,16124.0,509.0,82.0,15357.0,2651.0,2291.0,1516.0,2500.0,1263.0,10774.0
legitime,48438.0,48438.0,15920.0,504.0,80.0,15166.0,2617.0,2259.0,1502.0,2465.0,1249.0,10651.0
legitime,39453.0,39453.0,12860.0,429.0,50.0,12301.0,2107.0,1779.0,1292.0,1940.0,1039.0,8806.0
legitime,50885.0,50885.0,16736.0,524.0,88.0,15930.0,2753.0,2387.0,1558.0,2605.0,1305.0,11143.0
legitime,48472.0,48472.0,15920.0,504.0,80.0,15166.0,2617.0,2259.0,1502.0,2465.0,1249.0,10651.0
legitime,45477.0,45477.0,14900.0,479.0,70.0,14211.0,2447.0,2099.0,1432.0,2290.0,1179.0,10036.0
legitime,41883.0,41883.0,13676.0,449.0,58.0,13065.0,2243.0,1907.0,1348.0,2080.0,1095.0,9298.0
legitime,44886.0,44886.0,14696.0,474.0,68.0,14020.0,2413.0,2067.0,1418.0,2255.0,1165.0,9913.0
legitime,43680.0,43680.0,14288.0,464.0,64.0,13638.0,2345.0,2003.0,1390.0,2185.0,1137.0,9667.0
legitime,51592.0,51592.0,16940.0,529.0,90.0,16176.0,2787.0,2419.0,1572.0,2640.0,1319.0,11266.0
legitime,50514.0,50514.0,16124.0,509.0,82.0,15772.0,2651.0,2291.0,1516.0,2500.0,1263.0,10774.0
legitime,47508.0,47508.0,15308.0,489.0,74.0,14715.0,2515.0,2163.0,1460.0,2360.0,1207.0,10282.0
legitime,43711.0,43711.0,14288.0,464.0,64.0,13655.0,2345.0,2003.0,1390.0,2185.0,1137.0,9667.0
legitime,43081.0,43081.0,14084.0,459.0,62.0,13447.0,2311.0,1971.0,1376.0,2150.0,1123.0,9544.0
legitime,48472.0,48472.0,15920.0,504.0,80.0,15166.0,2617.0,2259.0,1502.0,2465.0,1249.0,10651.0
legitime,50286.0,50286.0,16532.0,519.0,86.0,15739.0,2719.0,2355.0,1544.0,2570.0,1291.0,11020.0
legitime,47240.0,47240.0,15512.0,494.0,76.0,14784.0,2549.0,2195.0,1474.0,2395.0,1221.0,10405.0
legitime,40651.0,40651.0,13268.0,439.0,54.0,12683.0,2175.0,1843.0,1320.0,2010.0,1067.0,9052.0
legitime,41250.0,41250.0,13472.0,444.0,56.0,12874.0,2209.0,1875.0,1334.0,2045.0,1081.0,9175.0
legitime,49636.0,49636.0,16328.0,514.0,84.0,15548.0,2685.0,2323.0,1530.0,2535.0,1277.0,10897.0
legitime,48438.0,48438.0,15920.0,504.0,80.0,15166.0,2617.0,2259.0,1502.0,2465.0,1249.0,10651.0
legitime,49636.0,49636.0,16328.0,514.0,84.0,15548.0,2685.0,2323.0,1530.0,2535.0,1277.0,10897.0
legitime,43646.0,43646.0,14288.0,464.0,64.0,13638.0,2345.0,2003.0,1390.0,2185.0,1137.0,9667.0
legitime,41849.0,41849.0,13676.0,449.0,58.0,13065.0,2243.0,1907.0,1348.0,2080.0,1095.0,9298.0
legitime,43047.0,43047.0,14084.0,459.0,62.0,13447.0,2311.0,1971.0,1376.0,2150.0,1123.0,9544.0
legitime,49636.0,49636.0,16328.0,514.0,84.0,15548.0,2685.0,2323.0,1530.0,2535.0,1277.0,10897.0
legitime,46658.0,46658.0,15308.0,489.0,74.0,14593.0,2515.0,2163.0,1460.0,2360.0,1207.0,10282.0
legitime,46076.0,46076.0,15104.0,484.0,72.0,14402.0,2481.0,2131.0,1446.0,2325.0,1193.0,10159.0
legitime,39470.0,39470.0,12860.0,429.0,50.0,12301.0,2107.0,1779.0,1292.0,1940.0,1039.0,8806.0
legitime,41284.0,41284.0,13472.0,444.0,56.0,12874.0,2209.0,1875.0,1334.0,2045.0,1081.0,9175.0
legitime,39470.0,39470.0,12860.0,429.0,50.0,12301.0,2107.0,1779.0,1292.0,1940.0,1039.0,8806.0
legitime,46692.0,46692.0,15308.0,489.0,74.0,14593.0,2515.0,2163.0,1460.0,2360.0,1207.0,10282.0
legitime,47274.0,47274.0,15512.0,494.0,76.0,14784.0,2549.0,2195.0,1474.0,2395.0,1221.0,10405.0
legitime,48472.0,48472.0,15920.0,504.0,80.0,15166.0,2617.0,2259.0,1502.0,2465.0,1249.0,10651.0
legitime,47291.0,47291.0,15512.0,494.0,76.0,14784.0,2549.0,2195.0,1474.0,2395.0,1221.0,10405.0
legitime,43064.0,43064.0,14084.0,459.0,62.0,13447.0,2311.0,1971.0,1376.0,2150.0,1123.0,9544.0
legitime,43081.0,43081.0,14084.0,459.0,62.0,13447.0,2311.0,1971.0,1376.0,2150.0,1123.0,9544.0
legitime,42482.0,42482.0,13880.0,454.0,60.0,13256.0,2277.0,1939.0,1362.0,2115.0,1109.0,9421.0
legitime,43646.0,43646.0,14288.0,464.0,64.0,13638.0,2345.0,2003.0,1390.0,2185.0,1137.0,9667.0
legitime,41250.0,41250.0,13472.0,444.0,56.0,12874.0,2209.0,1875.0,1334.0,2045.0,1081.0,9175.0
legitime,50235.0,50235.0,16532.0,519.0,86.0,15739.0,2719.0,2355.0,1544.0,2570.0,1291.0,11020.0
legitime,44546.0,44546.0,14642.0,467.0,64.0,13947.0,2369.0,2024.0,1405.0,2245.0,1167.0,9820.0
legitime,51135.0,51135.0,16886.0,522.0,86.0,16048.0,2743.0,2376.0,1559.0,2630.0,1321.0,11173.0
legitime,40952.0,40952.0,13418.0,437.0,52.0,12801.0,2165.0,1832.0,1321.0,2035.0,1083.0,9082.0
legitime,42749.0,42749.0,14030.0,452.0,58.0,13374.0,2267.0,1928.0,1363.0,2140.0,1125.0,9451.0
legitime,51734.0,51734.0,17090.0,527.0,88.0,16239.0,2777.0,2408.0,1573.0,2665.0,1335.0,11296.0
legitime,41551.0,41551.0,13622.0,442.0,54.0,12992.0,2199.0,1864.0,1335.0,2070.0,1097.0,9205.0
legitime,41551.0,41551.0,13622.0,442.0,54.0,12992.0,2199.0,1864.0,1335.0,2070.0,1097.0,9205.0
legitime,43947.0,43947.0,14438.0,462.0,62.0,13756.0,2335.0,1992.0,1391.0,2210.0,1153.0,9697.0
legitime,44546.0,44546.0,14642.0,467.0,64.0,13947.0,2369.0,2024.0,1405.0,2245.0,1167.0,9820.0
legitime,45145.0,45145.0,14846.0,472.0,66.0,14138.0,2403.0,2056.0,1419.0,2280.0,1181.0,9943.0
legitime,45744.0,45744.0,15050.0,477.0,68.0,14329.0,2437.0,2088.0,1433.0,2315.0,1195.0,10066.0
legitime,42749.0,42749.0,14030.0,452.0,58.0,13374.0,2267.0,1928.0,1363.0,2140.0,1125.0,9451.0
legitime,47541.0,47541.0,15662.0,492.0,74.0,14902.0,2539.0,2184.0,1475.0,2420.0,1237.0,10435.0
legitime,40952.0,40952.0,13418.0,437.0,52.0,12801.0,2165.0,1832.0,1321.0,2035.0,1083.0,9082.0
legitime,41551.0,41551.0,13622.0,442.0,54.0,12992.0,2199.0,1864.0,1335.0,2070.0,1097.0,9205.0
legitime,48739.0,48739.0,16070.0,502.0,78.0,15284.0,2607.0,2248.0,1503.0,2490.0,1265.0,10681.0
legitime,50536.0,50536.0,16682.0,517.0,84.0,15857.0,2709.0,2344.0,1545.0,2595.0,1307.0,11050.0
legitime,45778.0,45778.0,15050.0,477.0,68.0,14329.0,2437.0,2088.0,1433.0,2315.0,1195.0,10066.0
legitime,51751.0,51751.0,17090.0,527.0,88.0,16239.0,2777.0,2408.0,1573.0,2665.0,1335.0,11296.0
legitime,47593.0,47593.0,15662.0,492.0,74.0,14902.0,2539.0,2184.0,1475.0,2420.0,1237.0,10435.0
legitime,48174.0,48174.0,15866.0,497.0,76.0,15093.0,2573.0,2216.0,1489.0,2455.0,1251.0,10558.0
legitime,42167.0,42167.0,13826.0,447.0,56.0,13183.0,2233.0,1896.0,1349.0,2105.0,1111.0,9328.0
legitime,46993.0,46993.0,15458.0,487.0,72.0,14711.0,2505.0,2152.0,1461.0,2385.0,1223.0,10312.0
legitime,49598.0,49598.0,15866.0,497.0,76.0,15837.0,2573.0,2216.0,1489.0,2455.0,1251.0,10558.0
legitime,46333.0,46333.0,15050.0,477.0,68.0,14604.0,2437.0,2088.0,1433.0,2315.0,1195.0,10066.0
legitime,41793.0,41793.0,13418.0,437.0,52.0,13208.0,2165.0,1832.0,1321.0,2035.0,1083.0,9082.0
legitime,50248.0,50248.0,16274.0,507.0,80.0,15615.0,2641.0,2280.0,1517.0,2525.0,1279.0,10804.0
legitime,44430.0,44430.0,14234.0,457.0,60.0,14142.0,2301.0,1960.0,1377.0,2175.0,1139.0,9574.0
legitime,43397.0,43397.0,14030.0,452.0,58.0,13693.0,2267.0,1928.0,1363.0,2140.0,1125.0,9451.0
legitime,41017.0,41017.0,13418.0,437.0,52.0,12832.0,2165.0,1832.0,1321.0,2035.0,1083.0,9082.0
legitime,49971.0,49971.0,16478.0,512.0,82.0,15666.0,2675.0,2312.0,1531.0,2560.0,1293.0,10927.0
legitime,40969.0,40969.0,13418.0,437.0,52.0,12801.0,2165.0,1832.0,1321.0,2035.0,1083.0,9082.0
legitime,52670.0,52670.0,16886.0,522.0,86.0,16505.0,2743.0,2376.0,1559.0,2630.0,1321.0,11173.0
legitime,48447.0,48447.0,15662.0,492.0,74.0,15337.0,2539.0,2184.0,1475.0,2420.0,1237.0,10435.0
legitime,49469.0,49469.0,16070.0,502.0,78.0,15638.0,2607.0,2248.0,1503.0,2490.0,1265.0,10681.0
legitime,48895.0,48895.0,15662.0,492.0,74.0,15313.0,2539.0,2184.0,1475.0,2420.0,1237.0,10435.0
legitime,49843.0,49843.0,16274.0,507.0,80.0,15734.0,2641.0,2280.0,1517.0,2525.0,1279.0,10804.0
legitime,40404.0,40404.0,13214.0,432.0,50.0,12627.0,2131.0,1800.0,1307.0,2000.0,1069.0,8959.0
legitime,45840.0,45840.0,15050.0,477.0,68.0,14361.0,2437.0,2088.0,1433.0,2315.0,1195.0,10066.0
legitime,48350.0,48350.0,15866.0,497.0,76.0,15192.0,2573.0,2216.0,1489.0,2455.0,1251.0,10558.0
legitime,48366.0,48366.0,15866.0,497.0,76.0,15210.0,2573.0,2216.0,1489.0,2455.0,1251.0,10558.0
legitime,46570.0,46570.0,15254.0,482.0,70.0,14633.0,2471.0,2120.0,1447.0,2350.0,1209.0,10189.0
legitime,52618.0,52618.0,17294.0,532.0,90.0,16565.0,2811.0,2440.0,1587.0,2700.0,1349.0,11419.0
legitime,48944.0,48944.0,16070.0,502.0,78.0,15391.0,2607.0,2248.0,1503.0,2490.0,1265.0,10681.0
legitime,48872.0,48872.0,16070.0,502.0,78.0,15346.0,2607.0,2248.0,1503.0,2490.0,1265.0,10681.0
legitime,51344.0,51344.0,16886.0,522.0,86.0,16141.0,2743.0,2376.0,1559.0,2630.0,1321.0,11173.0
legitime,42924.0,42924.0,14030.0,452.0,58.0,13467.0,2267.0,1928.0,1363.0,2140.0,1125.0,9451.0
legitime,42311.0,42311.0,13826.0,447.0,56.0,13262.0,2233.0,1896.0,1349.0,2105.0,1111.0,9328.0
legitime,48410.0,48410.0,15866.0,497.0,76.0,15215.0,2573.0,2216.0,1489.0,2455.0,1251.0,10558.0
legitime,49581.0,49581.0,16274.0,507.0,80.0,15596.0,2641.0,2280.0,1517.0,2525.0,1279.0,10804.0
legitime,49513.0,49513.0,16274.0,507.0,80.0,15568.0,2641.0,2280.0,1517.0,2525.0,1279.0,10804.0
legitime,52364.0,52364.0,17294.0,532.0,90.0,16461.0,2811.0,2440.0,1587.0,2700.0,1349.0,11419.0
legitime,52458.0,52458.0,17294.0,532.0,90.0,16487.0,2811.0,2440.0,1587.0,2700.0,1349.0,11419.0
legitime,53928.0,53928.0,17294.0,532.0,90.0,16973.0,2811.0,2440.0,1587.0,2700.0,1349.0,11419.0
legitime,52709.0,52709.0,16886.0,522.0,86.0,16379.0,2743.0,2376.0,1559.0,2630.0,1321.0,11173.0
legitime,50806.0,50806.0,16274.0,507.0,80.0,16048.0,2641.0,2280.0,1517.0,2525.0,1279.0,10804.0
legitime,43182.0,43182.0,13826.0,447.0,56.0,13672.0,2233.0,1896.0,1349.0,2105.0,1111.0,9328.0
legitime,52132.0,52132.0,16886.0,522.0,86.0,16556.0,2743.0,2376.0,1559.0,2630.0,1321.0,11173.0
legitime,45056.0,45056.0,14438.0,462.0,62.0,14320.0,2335.0,1992.0,1391.0,2210.0,1153.0,9697.0
legitime,44063.0,44063.0,14438.0,462.0,62.0,13821.0,2335.0,1992.0,1391.0,2210.0,1153.0,9697.0
legitime,45761.0,45761.0,15050.0,477.0,68.0,14346.0,2437.0,2088.0,1433.0,2315.0,1195.0,10066.0
legitime,42150.0,42150.0,13826.0,447.0,56.0,13183.0,2233.0,1896.0,1349.0,2105.0,1111.0,9328.0
legitime,47541.0,47541.0,15662.0,492.0,74.0,14902.0,2539.0,2184.0,1475.0,2420.0,1237.0,10435.0
legitime,49834.0,49834.0,16274.0,507.0,80.0,15712.0,2641.0,2280.0,1517.0,2525.0,1279.0,10804.0
legitime,46962.0,46962.0,15050.0,477.0,68.0,14938.0,2437.0,2088.0,1433.0,2315.0,1195.0,10066.0
legitime,41210.0,41210.0,13214.0,432.0,50.0,13038.0,2131.0,1800.0,1307.0,2000.0,1069.0,8959.0
legitime,45567.0,45567.0,14642.0,467.0,64.0,14477.0,2369.0,2024.0,1405.0,2245.0,1167.0,9820.0
legitime,49039.0,49039.0,16070.0,502.0,78.0,15442.0,2607.0,2248.0,1503.0,2490.0,1265.0,10681.0
legitime,41197.0,41197.0,13214.0,432.0,50.0,13025.0,2131.0,1800.0,1307.0,2000.0,1069.0,8959.0
legitime,51232.0,51232.0,16478.0,512.0,82.0,16022.0,2675.0,2312.0,1531.0,2560.0,1293.0,10927.0
legitime,46621.0,46621.0,15254.0,482.0,70.0,14658.0,2471.0,2120.0,1447.0,2350.0,1209.0,10189.0
legitime,52623.0,52623.0,16886.0,522.0,86.0,16763.0,2743.0,2376.0,1559.0,2630.0,1321.0,11173.0
legitime,49467.0,49467.0,15866.0,497.0,76.0,15735.0,2573.0,2216.0,1489.0,2455.0,1251.0,10558.0
legitime,46569.0,46569.0,15254.0,482.0,70.0,14630.0,2471.0,2120.0,1447.0,2350.0,1209.0,10189.0
legitime,46569.0,46569.0,15254.0,482.0,70.0,14630.0,2471.0,2120.0,1447.0,2350.0,1209.0,10189.0
legitime,46540.0,46540.0,15254.0,482.0,70.0,14616.0,2471.0,2120.0,1447.0,2350.0,1209.0,10189.0
legitime,48349.0,48349.0,15866.0,497.0,76.0,15175.0,2573.0,2216.0,1489.0,2455.0,1251.0,10558.0
legitime,46569.0,46569.0,15254.0,482.0,70.0,14582.0,2471.0,2120.0,1447.0,2350.0,1209.0,10189.0
legitime,47165.0,47165.0,15458.0,487.0,72.0,14804.0,2505.0,2152.0,1461.0,2385.0,1223.0,10312.0
legitime,46566.0,46566.0,15254.0,482.0,70.0,14627.0,2471.0,2120.0,1447.0,2350.0,1209.0,10189.0
legitime,45942.0,45942.0,15050.0,477.0,68.0,14422.0,2437.0,2088.0,1433.0,2315.0,1195.0,10066.0
legitime,50179.0,50179.0,16478.0,512.0,82.0,15778.0,2675.0,2312.0,1531.0,2560.0,1293.0,10927.0
legitime,41695.0,41695.0,13622.0,442.0,54.0,13085.0,2199.0,1864.0,1335.0,2070.0,1097.0,9205.0
legitime,45162.0,45162.0,14846.0,472.0,66.0,14155.0,2403.0,2056.0,1419.0,2280.0,1181.0,9943.0
legitime,46343.0,46343.0,15254.0,482.0,70.0,14520.0,2471.0,2120.0,1447.0,2350.0,1209.0,10189.0
legitime,46343.0,46343.0,15254.0,482.0,70.0,14520.0,2471.0,2120.0,1447.0,2350.0,1209.0,10189.0
legitime,49338.0,49338.0,16274.0,507.0,80.0,15475.0,2641.0,2280.0,1517.0,2525.0,1279.0,10804.0
legitime,44645.0,44645.0,14642.0,467.0,64.0,13978.0,2369.0,2024.0,1405.0,2245.0,1167.0,9820.0
legitime,50742.0,50742.0,16682.0,517.0,84.0,15950.0,2709.0,2344.0,1545.0,2595.0,1307.0,11050.0
legitime,50160.0,50160.0,16478.0,512.0,82.0,15773.0,2675.0,2312.0,1531.0,2560.0,1293.0,10927.0
legitime,47072.0,47072.0,15458.0,487.0,72.0,14790.0,2505.0,2152.0,1461.0,2385.0,1223.0,10312.0
legitime,42218.0,42218.0,13826.0,447.0,56.0,13217.0,2233.0,1896.0,1349.0,2105.0,1111.0,9328.0
legitime,41302.0,41302.0,13418.0,437.0,52.0,12960.0,2165.0,1832.0,1321.0,2035.0,1083.0,9082.0
legitime,52082.0,52082.0,16682.0,517.0,84.0,16614.0,2709.0,2344.0,1545.0,2595.0,1307.0,11050.0
legitime,43481.0,43481.0,14030.0,452.0,58.0,13455.0,2267.0,1928.0,1363.0,2140.0,1125.0,9451.0
legitime,52415.0,52415.0,17294.0,532.0,90.0,16447.0,2811.0,2440.0,1587.0,2700.0,1349.0,11419.0
legitime,50553.0,50553.0,16682.0,517.0,84.0,15857.0,2709.0,2344.0,1545.0,2595.0,1307.0,11050.0
legitime,49988.0,49988.0,16478.0,512.0,82.0,15666.0,2675.0,2312.0,1531.0,2560.0,1293.0,10927.0
legitime,50570.0,50570.0,16682.0,517.0,84.0,15857.0,2709.0,2344.0,1545.0,2595.0,1307.0,11050.0
legitime,47575.0,47575.0,15662.0,492.0,74.0,14902.0,2539.0,2184.0,1475.0,2420.0,1237.0,10435.0
legitime,42194.0,42194.0,13826.0,447.0,56.0,13183.0,2233.0,1896.0,1349.0,2105.0,1111.0,9328.0
legitime,45179.0,45179.0,14846.0,472.0,66.0,14138.0,2403.0,2056.0,1419.0,2280.0,1181.0,9943.0
legitime,51186.0,51186.0,16886.0,522.0,86.0,16048.0,2743.0,2376.0,1559.0,2630.0,1321.0,11173.0
legitime,42167.0,42167.0,13826.0,447.0,56.0,13183.0,2233.0,1896.0,1349.0,2105.0,1111.0,9328.0
legitime,51186.0,51186.0,16886.0,522.0,86.0,16048.0,2743.0,2376.0,1559.0,2630.0,1321.0,11173.0
legitime,49372.0,49372.0,16274.0,507.0,80.0,15475.0,2641.0,2280.0,1517.0,2525.0,1279.0,10804.0
legitime,43382.0,43382.0,14234.0,457.0,60.0,13565.0,2301.0,1960.0,1377.0,2175.0,1139.0,9574.0
legitime,48773.0,48773.0,16070.0,502.0,78.0,15284.0,2607.0,2248.0,1503.0,2490.0,1265.0,10681.0
legitime,41585.0,41585.0,13622.0,442.0,54.0,12992.0,2199.0,1864.0,1335.0,2070.0,1097.0,9205.0
legitime,45179.0,45179.0,14846.0,472.0,66.0,14138.0,2403.0,2056.0,1419.0,2280.0,1181.0,9943.0
legitime,52333.0,52333.0,17294.0,532.0,90.0,16430.0,2811.0,2440.0,1587.0,2700.0,1349.0,11419.0
legitime,45145.0,45145.0,14846.0,472.0,66.0,14138.0,2403.0,2056.0,1419.0,2280.0,1181.0,9943.0
legitime,51734.0,51734.0,17090.0,527.0,88.0,16239.0,2777.0,2408.0,1573.0,2665.0,1335.0,11296.0
legitime,48140.0,48140.0,15866.0,497.0,76.0,15093.0,2573.0,2216.0,1489.0,2455.0,1251.0,10558.0
legitime,45744.0,45744.0,15050.0,477.0,68.0,14329.0,2437.0,2088.0,1433.0,2315.0,1195.0,10066.0
legitime,46343.0,46343.0,15254.0,482.0,70.0,14520.0,2471.0,2120.0,1447.0,2350.0,1209.0,10189.0
legitime,49338.0,49338.0,16274.0,507.0,80.0,15475.0,2641.0,2280.0,1517.0,2525.0,1279.0,10804.0
legitime,43947.0,43947.0,14438.0,462.0,62.0,13756.0,2335.0,1992.0,1391.0,2210.0,1153.0,9697.0
legitime,40353.0,40353.0,13214.0,432.0,50.0,12610.0,2131.0,1800.0,1307.0,2000.0,1069.0,8959.0
legitime,45744.0,45744.0,15050.0,477.0,68.0,14329.0,2437.0,2088.0,1433.0,2315.0,1195.0,10066.0
legitime,49338.0,49338.0,16274.0,507.0,80.0,15475.0,2641.0,2280.0,1517.0,2525.0,1279.0,10804.0
legitime,52333.0,52333.0,17294.0,532.0,90.0,16430.0,2811.0,2440.0,1587.0,2700.0,1349.0,11419.0
legitime,45145.0,45145.0,14846.0,472.0,66.0,14138.0,2403.0,2056.0,1419.0,2280.0,1181.0,9943.0
legitime,49937.0,49937.0,16478.0,512.0,82.0,15666.0,2675.0,2312.0,1531.0,2560.0,1293.0,10927.0
legitime,49338.0,49338.0,16274.0,507.0,80.0,15475.0,2641.0,2280.0,1517.0,2525.0,1279.0,10804.0
legitime,46942.0,46942.0,15458.0,487.0,72.0,14711.0,2505.0,2152.0,1461.0,2385.0,1223.0,10312.0
legitime,46343.0,46343.0,15254.0,482.0,70.0,14520.0,2471.0,2120.0,1447.0,2350.0,1209.0,10189.0
legitime,42150.0,42150.0,13826.0,447.0,56.0,13183.0,2233.0,1896.0,1349.0,2105.0,1111.0,9328.0
legitime,42150.0,42150.0,13826.0,447.0,56.0,13183.0,2233.0,1896.0,1349.0,2105.0,1111.0,9328.0
legitime,41551.0,41551.0,13622.0,442.0,54.0,12992.0,2199.0,1864.0,1335.0,2070.0,1097.0,9205.0
legitime,45145.0,45145.0,14846.0,472.0,66.0,14138.0,2403.0,2056.0,1419.0,2280.0,1181.0,9943.0
legitime,43348.0,43348.0,14234.0,457.0,60.0,13565.0,2301.0,1960.0,1377.0,2175.0,1139.0,9574.0
legitime,43348.0,43348.0,14234.0,457.0,60.0,13565.0,2301.0,1960.0,1377.0,2175.0,1139.0,9574.0
legitime,43964.0,43964.0,14438.0,462.0,62.0,13756.0,2335.0,1992.0,1391.0,2210.0,1153.0,9697.0
legitime,51785.0,51785.0,17090.0,527.0,88.0,16239.0,2777.0,2408.0,1573.0,2665.0,1335.0,11296.0
legitime,49954.0,49954.0,16478.0,512.0,82.0,15666.0,2675.0,2312.0,1531.0,2560.0,1293.0,10927.0
legitime,45744.0,45744.0,15050.0,477.0,68.0,14329.0,2437.0,2088.0,1433.0,2315.0,1195.0,10066.0
legitime,46394.0,46394.0,15254.0,483.0,70.0,14520.0,2471.0,2120.0,1447.0,2350.0,1209.0,10189.0
legitime,48174.0,48174.0,15866.0,498.0,76.0,15093.0,2573.0,2216.0,1489.0,2455.0,1251.0,10558.0
legitime,42184.0,42184.0,13826.0,447.0,56.0,13183.0,2233.0,1896.0,1349.0,2105.0,1111.0,9328.0
legitime,42817.0,42817.0,14030.0,453.0,58.0,13374.0,2267.0,1928.0,1363.0,2140.0,1125.0,9451.0
legitime,46446.0,46446.0,15254.0,483.0,70.0,14520.0,2471.0,2120.0,1447.0,2350.0,1209.0,10189.0
legitime,41039.0,41039.0,13418.0,437.0,52.0,12801.0,2165.0,1832.0,1321.0,2035.0,1083.0,9082.0
legitime,42300.0,42300.0,13826.0,448.0,56.0,13183.0,2233.0,1896.0,1349.0,2105.0,1111.0,9328.0
legitime,50104.0,50104.0,16478.0,512.0,82.0,15666.0,2675.0,2312.0,1531.0,2560.0,1293.0,10927.0
legitime,50671.0,50671.0,16478.0,528.0,82.0,15666.0,2675.0,2312.0,1531.0,2560.0,1293.0,10927.0
legitime,45829.0,45829.0,15050.0,478.0,68.0,14329.0,2437.0,2088.0,1433.0,2315.0,1195.0,10066.0
legitime,48174.0,48174.0,15866.0,497.0,76.0,15093.0,2573.0,2216.0,1489.0,2455.0,1251.0,10558.0
legitime,49372.0,49372.0,16274.0,507.0,80.0,15475.0,2641.0,2280.0,1517.0,2525.0,1279.0,10804.0
legitime,45179.0,45179.0,14846.0,472.0,66.0,14138.0,2403.0,2056.0,1419.0,2280.0,1181.0,9943.0
legitime,50587.0,50587.0,16682.0,517.0,84.0,15857.0,2709.0,2344.0,1545.0,2595.0,1307.0,11050.0
legitime,49971.0,49971.0,16478.0,512.0,82.0,15666.0,2675.0,2312.0,1531.0,2560.0,1293.0,10927.0
legitime,46976.0,46976.0,15458.0,487.0,72.0,14711.0,2505.0,2152.0,1461.0,2385.0,1223.0,10312.0
legitime,41585.0,41585.0,13622.0,442.0,54.0,12992.0,2199.0,1864.0,1335.0,2070.0,1097.0,9205.0
legitime,45179.0,45179.0,14846.0,472.0,66.0,14138.0,2403.0,2056.0,1419.0,2280.0,1181.0,9943.0
legitime,45179.0,45179.0,14846.0,472.0,66.0,14138.0,2403.0,2056.0,1419.0,2280.0,1181.0,9943.0
legitime,46976.0,46976.0,15458.0,487.0,72.0,14711.0,2505.0,2152.0,1461.0,2385.0,1223.0,10312.0
legitime,49372.0,49372.0,16274.0,507.0,80.0,15475.0,2641.0,2280.0,1517.0,2525.0,1279.0,10804.0
legitime,49389.0,49389.0,16274.0,507.0,80.0,15475.0,2641.0,2280.0,1517.0,2525.0,1279.0,10804.0
legitime,40370.0,40370.0,13214.0,432.0,50.0,12610.0,2131.0,1800.0,1307.0,2000.0,1069.0,8959.0
legitime,48773.0,48773.0,16070.0,502.0,78.0,15284.0,2607.0,2248.0,1503.0,2490.0,1265.0,10681.0
legitime,42783.0,42783.0,14030.0,452.0,58.0,13374.0,2267.0,1928.0,1363.0,2140.0,1125.0,9451.0
legitime,40370.0,40370.0,13214.0,432.0,50.0,12610.0,2131.0,1800.0,1307.0,2000.0,1069.0,8959.0
legitime,48802.0,48802.0,16070.0,502.0,78.0,15284.0,2607.0,2248.0,1503.0,2490.0,1265.0,10681.0
legitime,45179.0,45179.0,14846.0,472.0,66.0,14138.0,2403.0,2056.0,1419.0,2280.0,1181.0,9943.0
legitime,41568.0,41568.0,13622.0,442.0,54.0,12992.0,2199.0,1864.0,1335.0,2070.0,1097.0,9205.0
legitime,45778.0,45778.0,15050.0,477.0,68.0,14329.0,2437.0,2088.0,1433.0,2315.0,1195.0,10066.0
legitime,49389.0,49389.0,16274.0,507.0,80.0,15475.0,2641.0,2280.0,1517.0,2525.0,1279.0,10804.0
legitime,45778.0,45778.0,15050.0,477.0,68.0,14329.0,2437.0,2088.0,1433.0,2315.0,1195.0,10066.0
legitime,49971.0,49971.0,16478.0,512.0,82.0,15666.0,2675.0,2312.0,1531.0,2560.0,1293.0,10927.0
legitime,41585.0,41585.0,13622.0,442.0,54.0,12992.0,2199.0,1864.0,1335.0,2070.0,1097.0,9205.0
legitime,51169.0,51169.0,16886.0,522.0,86.0,16048.0,2743.0,2376.0,1559.0,2630.0,1321.0,11173.0
legitime,51186.0,51186.0,16886.0,522.0,86.0,16048.0,2743.0,2376.0,1559.0,2630.0,1321.0,11173.0
legitime,49372.0,49372.0,16274.0,507.0,80.0,15475.0,2641.0,2280.0,1517.0,2525.0,1279.0,10804.0
legitime,40387.0,40387.0,13214.0,432.0,50.0,12610.0,2131.0,1800.0,1307.0,2000.0,1069.0,8959.0
legitime,49374.0,49374.0,16274.0,507.0,80.0,15475.0,2641.0,2280.0,1517.0,2525.0,1279.0,10804.0
legitime,40969.0,40969.0,13418.0,437.0,52.0,12801.0,2165.0,1832.0,1321.0,2035.0,1083.0,9082.0
legitime,49389.0,49389.0,16274.0,507.0,80.0,15475.0,2641.0,2280.0,1517.0,2525.0,1279.0,10804.0
legitime,42167.0,42167.0,13826.0,447.0,56.0,13183.0,2233.0,1896.0,1349.0,2105.0,1111.0,9328.0
legitime,49988.0,49988.0,16478.0,512.0,82.0,15666.0,2675.0,2312.0,1531.0,2560.0,1293.0,10927.0
legitime,50570.0,50570.0,16682.0,517.0,84.0,15857.0,2709.0,2344.0,1545.0,2595.0,1307.0,11050.0
legitime,45179.0,45179.0,14846.0,472.0,66.0,14138.0,2403.0,2056.0,1419.0,2280.0,1181.0,9943.0
legitime,50587.0,50587.0,16682.0,517.0,84.0,15857.0,2709.0,2344.0,1545.0,2595.0,1307.0,11050.0
legitime,51169.0,51169.0,16886.0,522.0,86.0,16048.0,2743.0,2376.0,1559.0,2630.0,1321.0,11173.0
legitime,49389.0,49389.0,16274.0,507.0,80.0,15475.0,2641.0,2280.0,1517.0,2525.0,1279.0,10804.0
legitime,51169.0,51169.0,16886.0,522.0,86.0,16048.0,2743.0,2376.0,1559.0,2630.0,1321.0,11173.0
legitime,40986.0,40986.0,13418.0,437.0,52.0,12801.0,2165.0,1832.0,1321.0,2035.0,1083.0,9082.0
legitime,49383.0,49383.0,16274.0,507.0,80.0,15475.0,2641.0,2280.0,1517.0,2525.0,1279.0,10804.0
legitime,43981.0,43981.0,14438.0,462.0,62.0,13756.0,2335.0,1992.0,1391.0,2210.0,1153.0,9697.0
legitime,40986.0,40986.0,13418.0,437.0,52.0,12801.0,2165.0,1832.0,1321.0,2035.0,1083.0,9082.0
legitime,49971.0,49971.0,16478.0,512.0,82.0,15666.0,2675.0,2312.0,1531.0,2560.0,1293.0,10927.0
legitime,48174.0,48174.0,15866.0,497.0,76.0,15093.0,2573.0,2216.0,1489.0,2455.0,1251.0,10558.0
legitime,48174.0,48174.0,15866.0,497.0,76.0,15093.0,2573.0,2216.0,1489.0,2455.0,1251.0,10558.0
legitime,41585.0,41585.0,13622.0,442.0,54.0,12992.0,2199.0,1864.0,1335.0,2070.0,1097.0,9205.0
legitime,52384.0,52384.0,17294.0,532.0,90.0,16430.0,2811.0,2440.0,1587.0,2700.0,1349.0,11419.0
legitime,51169.0,51169.0,16886.0,522.0,86.0,16048.0,2743.0,2376.0,1559.0,2630.0,1321.0,11173.0
legitime,44948.0,44948.0,14642.0,467.0,64.0,13947.0,2369.0,2024.0,1405.0,2245.0,1167.0,9820.0
legitime,47789.0,47789.0,15662.0,492.0,74.0,14902.0,2539.0,2184.0,1475.0,2420.0,1237.0,10435.0
legitime,42201.0,42201.0,13826.0,447.0,56.0,13183.0,2233.0,1896.0,1349.0,2105.0,1111.0,9328.0
legitime,41551.0,41551.0,13418.0,437.0,52.0,13102.0,2165.0,1832.0,1321.0,2035.0,1083.0,9082.0
legitime,51205.0,51205.0,16886.0,522.0,86.0,16067.0,2743.0,2376.0,1559.0,2630.0,1321.0,11173.0
legitime,51186.0,51186.0,16886.0,522.0,86.0,16048.0,2743.0,2376.0,1559.0,2630.0,1321.0,11173.0
legitime,40371.0,40371.0,13214.0,432.0,50.0,12610.0,2131.0,1800.0,1307.0,2000.0,1069.0,8959.0
legitime,51785.0,51785.0,17090.0,527.0,88.0,16239.0,2777.0,2408.0,1573.0,2665.0,1335.0,11296.0
legitime,41568.0,41568.0,13622.0,442.0,54.0,12992.0,2199.0,1864.0,1335.0,2070.0,1097.0,9205.0
legitime,49988.0,49988.0,16478.0,512.0,82.0,15666.0,2675.0,2312.0,1531.0,2560.0,1293.0,10927.0
legitime,52367.0,52367.0,17294.0,532.0,90.0,16430.0,2811.0,2440.0,1587.0,2700.0,1349.0,11419.0
legitime,44580.0,44580.0,14642.0,467.0,64.0,13947.0,2369.0,2024.0,1405.0,2245.0,1167.0,9820.0
legitime,46377.0,46377.0,15254.0,482.0,70.0,14520.0,2471.0,2120.0,1447.0,2350.0,1209.0,10189.0
legitime,40986.0,40986.0,13418.0,437.0,52.0,12801.0,2165.0,1832.0,1321.0,2035.0,1083.0,9082.0
legitime,52367.0,52367.0,17294.0,532.0,90.0,16430.0,2811.0,2440.0,1587.0,2700.0,1349.0,11419.0
legitime,40986.0,40986.0,13418.0,437.0,52.0,12801.0,2165.0,1832.0,1321.0,2035.0,1083.0,9082.0
legitime,51186.0,51186.0,16886.0,522.0,86.0,16048.0,2743.0,2376.0,1559.0,2630.0,1321.0,11173.0
legitime,45162.0,45162.0,14846.0,472.0,66.0,14138.0,2403.0,2056.0,1419.0,2280.0,1181.0,9943.0
legitime,51492.0,51492.0,16886.0,522.0,86.0,16190.0,2743.0,2376.0,1559.0,2630.0,1321.0,11173.0
legitime,52695.0,52695.0,16886.0,522.0,86.0,16480.0,2743.0,2376.0,1559.0,2630.0,1321.0,11173.0
legitime,44548.0,44548.0,14438.0,462.0,62.0,13787.0,2335.0,1992.0,1391.0,2210.0,1153.0,9697.0
legitime,48807.0,48807.0,16070.0,502.0,78.0,15284.0,2607.0,2248.0,1503.0,2490.0,1265.0,10681.0
legitime,48773.0,48773.0,16070.0,502.0,78.0,15284.0,2607.0,2248.0,1503.0,2490.0,1265.0,10681.0
legitime,45179.0,45179.0,14846.0,472.0,66.0,14138.0,2403.0,2056.0,1419.0,2280.0,1181.0,9943.0
legitime,41585.0,41585.0,13622.0,442.0,54.0,12992.0,2199.0,1864.0,1335.0,2070.0,1097.0,9205.0
legitime,46388.0,46388.0,15254.0,482.0,70.0,14520.0,2471.0,2120.0,1447.0,2350.0,1209.0,10189.0
legitime,46377.0,46377.0,15254.0,482.0,70.0,14520.0,2471.0,2120.0,1447.0,2350.0,1209.0,10189.0
legitime,43365.0,43365.0,14234.0,457.0,60.0,13565.0,2301.0,1960.0,1377.0,2175.0,1139.0,9574.0
legitime,40986.0,40986.0,13418.0,437.0,52.0,12801.0,2165.0,1832.0,1321.0,2035.0,1083.0,9082.0
legitime,48773.0,48773.0,16070.0,502.0,78.0,15284.0,2607.0,2248.0,1503.0,2490.0,1265.0,10681.0
legitime,40387.0,40387.0,13214.0,432.0,50.0,12610.0,2131.0,1800.0,1307.0,2000.0,1069.0,8959.0
legitime,45179.0,45179.0,14846.0,472.0,66.0,14138.0,2403.0,2056.0,1419.0,2280.0,1181.0,9943.0
legitime,48773.0,48773.0,16070.0,502.0,78.0,15284.0,2607.0,2248.0,1503.0,2490.0,1265.0,10681.0
legitime,42783.0,42783.0,14030.0,452.0,58.0,13374.0,2267.0,1928.0,1363.0,2140.0,1125.0,9451.0
legitime,51768.0,51768.0,17090.0,527.0,88.0,16239.0,2777.0,2408.0,1573.0,2665.0,1335.0,11296.0
legitime,43981.0,43981.0,14438.0,462.0,62.0,13756.0,2335.0,1992.0,1391.0,2210.0,1153.0,9697.0
legitime,45778.0,45778.0,15050.0,477.0,68.0,14329.0,2437.0,2088.0,1433.0,2315.0,1195.0,10066.0
legitime,45179.0,45179.0,14846.0,472.0,66.0,14138.0,2403.0,2056.0,1419.0,2280.0,1181.0,9943.0
legitime,52384.0,52384.0,17294.0,532.0,90.0,16430.0,2811.0,2440.0,1587.0,2700.0,1349.0,11419.0
legitime,51169.0,51169.0,16886.0,522.0,86.0,16048.0,2743.0,2376.0,1559.0,2630.0,1321.0,11173.0
legitime,49389.0,49389.0,16274.0,507.0,80.0,15475.0,2641.0,2280.0,1517.0,2525.0,1279.0,10804.0
legitime,47575.0,47575.0,15662.0,492.0,74.0,14902.0,2539.0,2184.0,1475.0,2420.0,1237.0,10435.0
legitime,51768.0,51768.0,17090.0,527.0,88.0,16239.0,2777.0,2408.0,1573.0,2665.0,1335.0,11296.0
legitime,44580.0,44580.0,14642.0,467.0,64.0,13947.0,2369.0,2024.0,1405.0,2245.0,1167.0,9820.0
legitime,40387.0,40387.0,13214.0,432.0,50.0,12610.0,2131.0,1800.0,1307.0,2000.0,1069.0,8959.0
legitime,40370.0,40370.0,13214.0,432.0,50.0,12610.0,2131.0,1800.0,1307.0,2000.0,1069.0,8959.0
legitime,45778.0,45778.0,15050.0,477.0,68.0,14329.0,2437.0,2088.0,1433.0,2315.0,1195.0,10066.0
legitime,48174.0,48174.0,15866.0,497.0,76.0,15093.0,2573.0,2216.0,1489.0,2455.0,1251.0,10558.0
legitime,43382.0,43382.0,14234.0,457.0,60.0,13565.0,2301.0,1960.0,1377.0,2175.0,1139.0,9574.0
legitime,42783.0,42783.0,14030.0,452.0,58.0,13374.0,2267.0,1928.0,1363.0,2140.0,1125.0,9451.0
legitime,45778.0,45778.0,15050.0,477.0,68.0,14329.0,2437.0,2088.0,1433.0,2315.0,1195.0,10066.0
legitime,48174.0,48174.0,15866.0,497.0,76.0,15093.0,2573.0,2216.0,1489.0,2455.0,1251.0,10558.0
legitime,51186.0,51186.0,16886.0,522.0,86.0,16048.0,2743.0,2376.0,1559.0,2630.0,1321.0,11173.0
legitime,48773.0,48773.0,16070.0,502.0,78.0,15284.0,2607.0,2248.0,1503.0,2490.0,1265.0,10681.0
legitime,49971.0,49971.0,16478.0,512.0,82.0,15666.0,2675.0,2312.0,1531.0,2560.0,1293.0,10927.0
legitime,51186.0,51186.0,16886.0,522.0,86.0,16048.0,2743.0,2376.0,1559.0,2630.0,1321.0,11173.0
legitime,49971.0,49971.0,16478.0,512.0,82.0,15666.0,2675.0,2312.0,1531.0,2560.0,1293.0,10927.0
legitime,51186.0,51186.0,16886.0,522.0,86.0,16048.0,2743.0,2376.0,1559.0,2630.0,1321.0,11173.0
legitime,49372.0,49372.0,16274.0,507.0,80.0,15475.0,2641.0,2280.0,1517.0,2525.0,1279.0,10804.0
legitime,42783.0,42783.0,14030.0,452.0,58.0,13374.0,2267.0,1928.0,1363.0,2140.0,1125.0,9451.0
legitime,46984.0,46984.0,15458.0,487.0,72.0,14711.0,2505.0,2152.0,1461.0,2385.0,1223.0,10312.0
legitime,49389.0,49389.0,16274.0,507.0,80.0,15475.0,2641.0,2280.0,1517.0,2525.0,1279.0,10804.0
legitime,41568.0,41568.0,13622.0,442.0,54.0,12992.0,2199.0,1864.0,1335.0,2070.0,1097.0,9205.0
legitime,42184.0,42184.0,13826.0,447.0,56.0,13183.0,2233.0,1896.0,1349.0,2105.0,1111.0,9328.0
legitime,48773.0,48773.0,16070.0,502.0,78.0,15284.0,2607.0,2248.0,1503.0,2490.0,1265.0,10681.0
legitime,51186.0,51186.0,16886.0,522.0,86.0,16048.0,2743.0,2376.0,1559.0,2630.0,1321.0,11173.0
legitime,43365.0,43365.0,14234.0,457.0,60.0,13565.0,2301.0,1960.0,1377.0,2175.0,1139.0,9574.0
legitime,41586.0,41586.0,13622.0,442.0,54.0,12992.0,2199.0,1864.0,1335.0,2070.0,1097.0,9205.0
legitime,48773.0,48773.0,16070.0,502.0,78.0,15284.0,2607.0,2248.0,1503.0,2490.0,1265.0,10681.0
legitime,49389.0,49389.0,16274.0,507.0,80.0,15475.0,2641.0,2280.0,1517.0,2525.0,1279.0,10804.0
legitime,52873.0,52873.0,17294.0,532.0,90.0,16691.0,2811.0,2440.0,1587.0,2700.0,1349.0,11419.0
legitime,48332.0,48332.0,15458.0,487.0,72.0,15428.0,2505.0,2152.0,1461.0,2385.0,1223.0,10312.0
legitime,46920.0,46920.0,15254.0,482.0,70.0,14780.0,2471.0,2120.0,1447.0,2350.0,1209.0,10189.0
legitime,45692.0,45692.0,14642.0,467.0,64.0,14280.0,2369.0,2024.0,1405.0,2245.0,1167.0,9820.0
legitime,53396.0,53396.0,17294.0,532.0,90.0,16916.0,2811.0,2440.0,1587.0,2700.0,1349.0,11419.0
legitime,41159.0,41159.0,13214.0,432.0,50.0,13002.0,2131.0,1800.0,1307.0,2000.0,1069.0,8959.0
legitime,51816.0,51816.0,17090.0,527.0,88.0,16270.0,2777.0,2408.0,1573.0,2665.0,1335.0,11296.0
legitime,46976.0,46976.0,15458.0,487.0,72.0,14711.0,2505.0,2152.0,1461.0,2385.0,1223.0,10312.0
legitime,41097.0,41097.0,13418.0,437.0,52.0,12859.0,2165.0,1832.0,1321.0,2035.0,1083.0,9082.0
legitime,50136.0,50136.0,16070.0,502.0,78.0,15663.0,2607.0,2248.0,1503.0,2490.0,1265.0,10681.0
legitime,44885.0,44885.0,14438.0,462.0,62.0,14205.0,2335.0,1992.0,1391.0,2210.0,1153.0,9697.0
legitime,44719.0,44719.0,14642.0,467.0,64.0,14035.0,2369.0,2024.0,1405.0,2245.0,1167.0,9820.0
legitime,42503.0,42503.0,13622.0,442.0,54.0,13258.0,2199.0,1864.0,1335.0,2070.0,1097.0,9205.0
legitime,52533.0,52533.0,16886.0,522.0,86.0,16685.0,2743.0,2376.0,1559.0,2630.0,1321.0,11173.0
legitime,47622.0,47622.0,15662.0,492.0,74.0,14949.0,2539.0,2184.0,1475.0,2420.0,1237.0,10435.0
legitime,40986.0,40986.0,13418.0,437.0,52.0,12801.0,2165.0,1832.0,1321.0,2035.0,1083.0,9082.0
legitime,40500.0,40500.0,13214.0,432.0,50.0,12676.0,2131.0,1800.0,1307.0,2000.0,1069.0,8959.0
legitime,42986.0,42986.0,14030.0,452.0,58.0,13499.0,2267.0,1928.0,1363.0,2140.0,1125.0,9451.0
legitime,51371.0,51371.0,16886.0,522.0,86.0,16175.0,2743.0,2376.0,1559.0,2630.0,1321.0,11173.0
legitime,41176.0,41176.0,13418.0,437.0,52.0,12911.0,2165.0,1832.0,1321.0,2035.0,1083.0,9082.0
legitime,41127.0,41127.0,13418.0,437.0,52.0,12894.0,2165.0,1832.0,1321.0,2035.0,1083.0,9082.0
legitime,41172.0,41172.0,13418.0,437.0,52.0,12905.0,2165.0,1832.0,1321.0,2035.0,1083.0,9082.0
legitime,45337.0,45337.0,14846.0,472.0,66.0,14231.0,2403.0,2056.0,1419.0,2280.0,1181.0,9943.0
legitime,51864.0,51864.0,17090.0,527.0,88.0,16301.0,2777.0,2408.0,1573.0,2665.0,1335.0,11296.0
legitime,50790.0,50790.0,16682.0,517.0,84.0,15964.0,2709.0,2344.0,1545.0,2595.0,1307.0,11050.0
legitime,42916.0,42916.0,14030.0,452.0,58.0,13473.0,2267.0,1928.0,1363.0,2140.0,1125.0,9451.0
legitime,51330.0,51330.0,16886.0,522.0,86.0,16127.0,2743.0,2376.0,1559.0,2630.0,1321.0,11173.0
legitime,41774.0,41774.0,13622.0,442.0,54.0,13099.0,2199.0,1864.0,1335.0,2070.0,1097.0,9205.0
legitime,50768.0,50768.0,16682.0,517.0,84.0,15973.0,2709.0,2344.0,1545.0,2595.0,1307.0,11050.0
legitime,50745.0,50745.0,16682.0,517.0,84.0,15950.0,2709.0,2344.0,1545.0,2595.0,1307.0,11050.0
legitime,50601.0,50601.0,16682.0,517.0,84.0,15888.0,2709.0,2344.0,1545.0,2595.0,1307.0,11050.0
legitime,48773.0,48773.0,16070.0,502.0,78.0,15284.0,2607.0,2248.0,1503.0,2490.0,1265.0,10681.0
legitime,50722.0,50722.0,16274.0,507.0,80.0,16079.0,2641.0,2280.0,1517.0,2525.0,1279.0,10804.0
legitime,48252.0,48252.0,15458.0,487.0,72.0,14856.0,2505.0,2152.0,1461.0,2385.0,1223.0,10312.0
legitime,50140.0,50140.0,16070.0,502.0,78.0,15680.0,2607.0,2248.0,1503.0,2490.0,1265.0,10681.0
legitime,50174.0,50174.0,16070.0,502.0,78.0,15986.0,2607.0,2248.0,1503.0,2490.0,1265.0,10681.0
legitime,46331.0,46331.0,14846.0,472.0,66.0,14752.0,2403.0,2056.0,1419.0,2280.0,1181.0,9943.0
legitime,43811.0,43811.0,14234.0,457.0,60.0,13797.0,2301.0,1960.0,1377.0,2175.0,1139.0,9574.0
legitime,43540.0,43540.0,14030.0,452.0,58.0,13759.0,2267.0,1928.0,1363.0,2140.0,1125.0,9451.0
legitime,46408.0,46408.0,15254.0,482.0,70.0,14551.0,2471.0,2120.0,1447.0,2350.0,1209.0,10189.0
legitime,49372.0,49372.0,16274.0,507.0,80.0,15475.0,2641.0,2280.0,1517.0,2525.0,1279.0,10804.0
legitime,49988.0,49988.0,16478.0,512.0,82.0,15666.0,2675.0,2312.0,1531.0,2560.0,1293.0,10927.0
legitime,40370.0,40370.0,13214.0,432.0,50.0,12610.0,2131.0,1800.0,1307.0,2000.0,1069.0,8959.0
legitime,49969.0,49969.0,16070.0,502.0,78.0,15888.0,2607.0,2248.0,1503.0,2490.0,1265.0,10681.0
legitime,47562.0,47562.0,15254.0,482.0,70.0,15132.0,2471.0,2120.0,1447.0,2350.0,1209.0,10189.0
legitime,52884.0,52884.0,17090.0,527.0,88.0,16826.0,2777.0,2408.0,1573.0,2665.0,1335.0,11296.0
legitime,42408.0,42408.0,13826.0,447.0,56.0,13305.0,2233.0,1896.0,1349.0,2105.0,1111.0,9328.0
legitime,46333.0,46333.0,14846.0,472.0,66.0,14649.0,2403.0,2056.0,1419.0,2280.0,1181.0,9943.0
legitime,46856.0,46856.0,15050.0,477.0,68.0,14654.0,2437.0,2088.0,1433.0,2315.0,1195.0,10066.0
legitime,49099.0,49099.0,16070.0,502.0,78.0,15449.0,2607.0,2248.0,1503.0,2490.0,1265.0,10681.0
legitime,48157.0,48157.0,15458.0,487.0,72.0,15292.0,2505.0,2152.0,1461.0,2385.0,1223.0,10312.0
legitime,50823.0,50823.0,16274.0,507.0,80.0,16192.0,2641.0,2280.0,1517.0,2525.0,1279.0,10804.0
legitime,48385.0,48385.0,15866.0,497.0,76.0,15222.0,2573.0,2216.0,1489.0,2455.0,1251.0,10558.0
legitime,51361.0,51361.0,16886.0,522.0,86.0,16158.0,2743.0,2376.0,1559.0,2630.0,1321.0,11173.0
legitime,40514.0,40514.0,13214.0,432.0,50.0,12689.0,2131.0,1800.0,1307.0,2000.0,1069.0,8959.0
legitime,50149.0,50149.0,16478.0,512.0,82.0,15748.0,2675.0,2312.0,1531.0,2560.0,1293.0,10927.0
legitime,43599.0,43599.0,14234.0,457.0,60.0,13643.0,2301.0,1960.0,1377.0,2175.0,1139.0,9574.0
legitime,45371.0,45371.0,14846.0,472.0,66.0,14231.0,2403.0,2056.0,1419.0,2280.0,1181.0,9943.0
legitime,40531.0,40531.0,13214.0,432.0,50.0,12703.0,2131.0,1800.0,1307.0,2000.0,1069.0,8959.0
legitime,45930.0,45930.0,15050.0,477.0,68.0,14413.0,2437.0,2088.0,1433.0,2315.0,1195.0,10066.0
legitime,49580.0,49580.0,16274.0,507.0,80.0,15587.0,2641.0,2280.0,1517.0,2525.0,1279.0,10804.0
legitime,45354.0,45354.0,14846.0,472.0,66.0,14245.0,2403.0,2056.0,1419.0,2280.0,1181.0,9943.0
legitime,43396.0,43396.0,14234.0,457.0,60.0,13596.0,2301.0,1960.0,1377.0,2175.0,1139.0,9574.0
legitime,42783.0,42783.0,14030.0,452.0,58.0,13374.0,2267.0,1928.0,1363.0,2140.0,1125.0,9451.0
legitime,44580.0,44580.0,14642.0,467.0,64.0,13947.0,2369.0,2024.0,1405.0,2245.0,1167.0,9820.0
legitime,47575.0,47575.0,15662.0,492.0,74.0,14902.0,2539.0,2184.0,1475.0,2420.0,1237.0,10435.0
legitime,52418.0,52418.0,17294.0,532.0,90.0,16447.0,2811.0,2440.0,1587.0,2700.0,1349.0,11419.0
legitime,41714.0,41714.0,13622.0,442.0,54.0,13057.0,2199.0,1864.0,1335.0,2070.0,1097.0,9205.0
legitime,50152.0,50152.0,16478.0,512.0,82.0,15765.0,2675.0,2312.0,1531.0,2560.0,1293.0,10927.0
legitime,42314.0,42314.0,13826.0,447.0,56.0,13262.0,2233.0,1896.0,1349.0,2105.0,1111.0,9328.0
legitime,52483.0,52483.0,17294.0,532.0,90.0,16495.0,2811.0,2440.0,1587.0,2700.0,1349.0,11419.0
legitime,41665.0,41665.0,13622.0,442.0,54.0,13040.0,2199.0,1864.0,1335.0,2070.0,1097.0,9205.0
legitime,51704.0,51704.0,16682.0,517.0,84.0,16436.0,2709.0,2344.0,1545.0,2595.0,1307.0,11050.0
legitime,42565.0,42565.0,13622.0,442.0,54.0,13377.0,2199.0,1864.0,1335.0,2070.0,1097.0,9205.0
legitime,46816.0,46816.0,15254.0,482.0,70.0,14554.0,2471.0,2120.0,1447.0,2350.0,1209.0,10189.0
legitime,40387.0,40387.0,13214.0,432.0,50.0,12610.0,2131.0,1800.0,1307.0,2000.0,1069.0,8959.0
legitime,50587.0,50587.0,16682.0,517.0,84.0,15857.0,2709.0,2344.0,1545.0,2595.0,1307.0,11050.0
legitime,40370.0,40370.0,13214.0,432.0,50.0,12610.0,2131.0,1800.0,1307.0,2000.0,1069.0,8959.0
legitime,45179.0,45179.0,14846.0,472.0,66.0,14138.0,2403.0,2056.0,1419.0,2280.0,1181.0,9943.0
legitime,48174.0,48174.0,15866.0,497.0,76.0,15093.0,2573.0,2216.0,1489.0,2455.0,1251.0,10558.0
legitime,49389.0,49389.0,16274.0,507.0,80.0,15475.0,2641.0,2280.0,1517.0,2525.0,1279.0,10804.0
legitime,42167.0,42167.0,13826.0,447.0,56.0,13183.0,2233.0,1896.0,1349.0,2105.0,1111.0,9328.0
legitime,52384.0,52384.0,17294.0,532.0,90.0,16430.0,2811.0,2440.0,1587.0,2700.0,1349.0,11419.0
legitime,48773.0,48773.0,16070.0,502.0,78.0,15284.0,2607.0,2248.0,1503.0,2490.0,1265.0,10681.0
legitime,50587.0,50587.0,16682.0,517.0,84.0,15857.0,2709.0,2344.0,1545.0,2595.0,1307.0,11050.0
legitime,46976.0,46976.0,15458.0,487.0,72.0,14711.0,2505.0,2152.0,1461.0,2385.0,1223.0,10312.0
legitime,45179.0,45179.0,14846.0,472.0,66.0,14138.0,2403.0,2056.0,1419.0,2280.0,1181.0,9943.0
legitime,49372.0,49372.0,16274.0,507.0,80.0,15475.0,2641.0,2280.0,1517.0,2525.0,1279.0,10804.0
legitime,52384.0,52384.0,17294.0,532.0,90.0,16430.0,2811.0,2440.0,1587.0,2700.0,1349.0,11419.0
legitime,50587.0,50587.0,16682.0,517.0,84.0,15857.0,2709.0,2344.0,1545.0,2595.0,1307.0,11050.0
legitime,52367.0,52367.0,17294.0,532.0,90.0,16430.0,2811.0,2440.0,1587.0,2700.0,1349.0,11419.0
legitime,40403.0,40403.0,13214.0,432.0,50.0,12610.0,2131.0,1800.0,1307.0,2000.0,1069.0,8959.0
legitime,51768.0,51768.0,17090.0,527.0,88.0,16239.0,2777.0,2408.0,1573.0,2665.0,1335.0,11296.0
legitime,46377.0,46377.0,15254.0,482.0,70.0,14520.0,2471.0,2120.0,1447.0,2350.0,1209.0,10189.0
legitime,42184.0,42184.0,13826.0,447.0,56.0,13183.0,2233.0,1896.0,1349.0,2105.0,1111.0,9328.0
legitime,49372.0,49372.0,16274.0,507.0,80.0,15475.0,2641.0,2280.0,1517.0,2525.0,1279.0,10804.0
legitime,51785.0,51785.0,17090.0,527.0,88.0,16239.0,2777.0,2408.0,1573.0,2665.0,1335.0,11296.0
legitime,48174.0,48174.0,15866.0,497.0,76.0,15093.0,2573.0,2216.0,1489.0,2455.0,1251.0,10558.0
legitime,41585.0,41585.0,13622.0,442.0,54.0,12992.0,2199.0,1864.0,1335.0,2070.0,1097.0,9205.0
legitime,46377.0,46377.0,15254.0,482.0,70.0,14520.0,2471.0,2120.0,1447.0,2350.0,1209.0,10189.0
legitime,50570.0,50570.0,16682.0,517.0,84.0,15857.0,2709.0,2344.0,1545.0,2595.0,1307.0,11050.0
legitime,48191.0,48191.0,15866.0,497.0,76.0,15093.0,2573.0,2216.0,1489.0,2455.0,1251.0,10558.0
legitime,42766.0,42766.0,14030.0,452.0,58.0,13374.0,2267.0,1928.0,1363.0,2140.0,1125.0,9451.0
legitime,49389.0,49389.0,16274.0,507.0,80.0,15475.0,2641.0,2280.0,1517.0,2525.0,1279.0,10804.0
legitime,42167.0,42167.0,13826.0,447.0,56.0,13183.0,2233.0,1896.0,1349.0,2105.0,1111.0,9328.0
legitime,43981.0,43981.0,14438.0,462.0,62.0,13756.0,2335.0,1992.0,1391.0,2210.0,1153.0,9697.0
legitime,45179.0,45179.0,14846.0,472.0,66.0,14138.0,2403.0,2056.0,1419.0,2280.0,1181.0,9943.0
legitime,44580.0,44580.0,14642.0,467.0,64.0,13947.0,2369.0,2024.0,1405.0,2245.0,1167.0,9820.0
legitime,51797.0,51797.0,17090.0,527.0,88.0,16239.0,2777.0,2408.0,1573.0,2665.0,1335.0,11296.0
legitime,50574.0,50574.0,16682.0,517.0,84.0,15857.0,2709.0,2344.0,1545.0,2595.0,1307.0,11050.0
legitime,46377.0,46377.0,15254.0,482.0,70.0,14520.0,2471.0,2120.0,1447.0,2350.0,1209.0,10189.0
legitime,46976.0,46976.0,15458.0,487.0,72.0,14711.0,2505.0,2152.0,1461.0,2385.0,1223.0,10312.0
legitime,43382.0,43382.0,14234.0,457.0,60.0,13565.0,2301.0,1960.0,1377.0,2175.0,1139.0,9574.0
legitime,45778.0,45778.0,15050.0,477.0,68.0,14329.0,2437.0,2088.0,1433.0,2315.0,1195.0,10066.0
legitime,49372.0,49372.0,16274.0,507.0,80.0,15475.0,2641.0,2280.0,1517.0,2525.0,1279.0,10804.0
legitime,46993.0,46993.0,15458.0,487.0,72.0,14711.0,2505.0,2152.0,1461.0,2385.0,1223.0,10312.0
legitime,41602.0,41602.0,13622.0,443.0,54.0,12992.0,2199.0,1864.0,1335.0,2070.0,1097.0,9205.0
legitime,40421.0,40421.0,13214.0,433.0,50.0,12610.0,2131.0,1800.0,1307.0,2000.0,1069.0,8959.0
legitime,45179.0,45179.0,14846.0,473.0,66.0,14138.0,2403.0,2056.0,1419.0,2280.0,1181.0,9943.0
legitime,44580.0,44580.0,14642.0,467.0,64.0,13947.0,2369.0,2024.0,1405.0,2245.0,1167.0,9820.0
legitime,50031.0,50031.0,16478.0,513.0,82.0,15666.0,2675.0,2312.0,1531.0,2560.0,1293.0,10927.0
legitime,40493.0,40493.0,13214.0,434.0,50.0,12610.0,2131.0,1800.0,1307.0,2000.0,1069.0,8959.0
legitime,41071.0,41071.0,13418.0,438.0,52.0,12801.0,2165.0,1832.0,1321.0,2035.0,1083.0,9082.0
legitime,42305.0,42305.0,13826.0,448.0,56.0,13183.0,2233.0,1896.0,1349.0,2105.0,1111.0,9328.0
legitime,50135.0,50135.0,16478.0,512.0,82.0,15666.0,2675.0,2312.0,1531.0,2560.0,1293.0,10927.0
legitime,41456.0,41456.0,13418.0,448.0,52.0,12801.0,2165.0,1832.0,1321.0,2035.0,1083.0,9082.0
legitime,40476.0,40476.0,13214.0,434.0,50.0,12610.0,2131.0,1800.0,1307.0,2000.0,1069.0,8959.0
legitime,52384.0,52384.0,17294.0,533.0,90.0,16430.0,2811.0,2440.0,1587.0,2700.0,1349.0,11419.0
legitime,48191.0,48191.0,15866.0,497.0,76.0,15093.0,2573.0,2216.0,1489.0,2455.0,1251.0,10558.0
legitime,46377.0,46377.0,15254.0,482.0,70.0,14520.0,2471.0,2120.0,1447.0,2350.0,1209.0,10189.0
legitime,41568.0,41568.0,13622.0,442.0,54.0,12992.0,2199.0,1864.0,1335.0,2070.0,1097.0,9205.0
legitime,40986.0,40986.0,13418.0,437.0,52.0,12801.0,2165.0,1832.0,1321.0,2035.0,1083.0,9082.0
legitime,40370.0,40370.0,13214.0,432.0,50.0,12610.0,2131.0,1800.0,1307.0,2000.0,1069.0,8959.0
legitime,42197.0,42197.0,13826.0,447.0,56.0,13183.0,2233.0,1896.0,1349.0,2105.0,1111.0,9328.0
Buf_over,41568.0,41568.0,13622.0,442.0,54.0,12992.0,2199.0,1864.0,1335.0,2070.0,1097.0,9205.0
Buf_over,40986.0,40986.0,13418.0,437.0,52.0,12801.0,2165.0,1832.0,1321.0,2035.0,1083.0,9082.0
Buf_over,40969.0,40969.0,13418.0,437.0,52.0,12801.0,2165.0,1832.0,1321.0,2035.0,1083.0,9082.0
Buf_over,82385.0,82385.0,27494.0,782.0,190.0,25980.0,4511.0,4040.0,2287.0,4450.0,2049.0,17569.0
Buf_over,72185.0,72185.0,24026.0,697.0,156.0,22733.0,3933.0,3496.0,2049.0,3855.0,1811.0,15478.0
Buf_over,84781.0,84781.0,28310.0,802.0,198.0,26744.0,4647.0,4168.0,2343.0,4590.0,2105.0,18061.0
Buf_over,68574.0,68574.0,22802.0,667.0,144.0,21587.0,3729.0,3304.0,1965.0,3645.0,1727.0,14740.0
Buf_over,66794.0,66794.0,22190.0,652.0,138.0,21014.0,3627.0,3208.0,1923.0,3540.0,1685.0,14371.0
Buf_over,79373.0,79373.0,26474.0,757.0,180.0,25025.0,4341.0,3880.0,2217.0,4275.0,1979.0,16954.0
Buf_over,65579.0,65579.0,21782.0,642.0,134.0,20632.0,3559.0,3144.0,1895.0,3470.0,1657.0,14125.0
Buf_over,85380.0,85380.0,28514.0,807.0,200.0,26935.0,4681.0,4200.0,2357.0,4625.0,2119.0,18184.0
Buf_over,83583.0,83583.0,27902.0,792.0,194.0,26362.0,4579.0,4104.0,2315.0,4520.0,2077.0,17815.0
Buf_over,86578.0,86578.0,28922.0,817.0,204.0,27317.0,4749.0,4264.0,2385.0,4695.0,2147.0,18430.0
Buf_over,67992.0,67992.0,22598.0,662.0,142.0,21396.0,3695.0,3272.0,1951.0,3610.0,1713.0,14617.0
Buf_over,74581.0,74581.0,24842.0,717.0,164.0,23497.0,4069.0,3624.0,2105.0,3995.0,1867.0,15970.0
Buf_over,87177.0,87177.0,29126.0,822.0,206.0,27508.0,4783.0,4296.0,2399.0,4730.0,2161.0,18553.0
Buf_over,78792.0,78792.0,26270.0,752.0,178.0,24834.0,4307.0,3848.0,2203.0,4240.0,1965.0,16831.0
Buf_over,73965.0,73965.0,24638.0,712.0,162.0,23306.0,4035.0,3592.0,2091.0,3960.0,1853.0,15847.0
Buf_over,80588.0,80588.0,26882.0,767.0,184.0,25407.0,4409.0,3944.0,2245.0,4345.0,2007.0,17200.0
Buf_over,81771.0,81771.0,27086.0,772.0,186.0,25598.0,4443.0,3976.0,2259.0,4380.0,2021.0,17323.0
Buf_over,65594.0,65594.0,21578.0,637.0,132.0,20746.0,3525.0,3112.0,1881.0,3435.0,1643.0,14002.0
Buf_over,72202.0,72202.0,24026.0,697.0,156.0,22750.0,3933.0,3496.0,2049.0,3855.0,1811.0,15478.0
Buf_over,71576.0,71576.0,23822.0,692.0,154.0,22542.0,3899.0,3464.0,2035.0,3820.0,1797.0,15355.0
Buf_over,65579.0,65579.0,21782.0,642.0,134.0,20632.0,3559.0,3144.0,1895.0,3470.0,1657.0,14125.0
Buf_over,66178.0,66178.0,21986.0,647.0,136.0,20823.0,3593.0,3176.0,1909.0,3505.0,1671.0,14248.0
Buf_over,78192.0,78192.0,26066.0,747.0,176.0,24643.0,4273.0,3816.0,2189.0,4205.0,1951.0,16708.0
Buf_over,78774.0,78774.0,26270.0,752.0,178.0,24834.0,4307.0,3848.0,2203.0,4240.0,1965.0,16831.0
Buf_over,65380.0,65380.0,21578.0,637.0,132.0,20640.0,3525.0,3112.0,1881.0,3435.0,1643.0,14002.0
Buf_over,67546.0,67546.0,21782.0,642.0,134.0,21015.0,3559.0,3144.0,1895.0,3470.0,1657.0,14125.0
Buf_over,67452.0,67452.0,22394.0,657.0,140.0,21236.0,3661.0,3240.0,1937.0,3575.0,1699.0,14494.0
Buf_over,85995.0,85995.0,28718.0,812.0,202.0,27126.0,4715.0,4232.0,2371.0,4660.0,2133.0,18307.0
Buf_over,66178.0,66178.0,21986.0,647.0,136.0,20823.0,3593.0,3176.0,1909.0,3505.0,1671.0,14248.0
Buf_over,69173.0,69173.0,23006.0,672.0,146.0,21778.0,3763.0,3336.0,1979.0,3680.0,1741.0,14863.0
Buf_over,73982.0,73982.0,24638.0,712.0,162.0,23306.0,4035.0,3592.0,2091.0,3960.0,1853.0,15847.0
Buf_over,82984.0,82984.0,27698.0,787.0,192.0,26171.0,4545.0,4072.0,2301.0,4485.0,2063.0,17692.0
Buf_over,66178.0,66178.0,21986.0,647.0,136.0,20823.0,3593.0,3176.0,1909.0,3505.0,1671.0,14248.0
Buf_over,69789.0,69789.0,23210.0,677.0,148.0,21969.0,3797.0,3368.0,1993.0,3715.0,1755.0,14986.0
Buf_over,79972.0,79972.0,26678.0,762.0,182.0,25216.0,4375.0,3912.0,2231.0,4310.0,1993.0,17077.0
Buf_over,76994.0,76994.0,25658.0,737.0,172.0,24261.0,4205.0,3752.0,2161.0,4135.0,1923.0,16462.0
Buf_over,86578.0,86578.0,28922.0,817.0,204.0,27317.0,4749.0,4264.0,2385.0,4695.0,2147.0,18430.0
Buf_over,81170.0,81170.0,27086.0,772.0,186.0,25598.0,4443.0,3976.0,2259.0,4380.0,2021.0,17323.0
Buf_over,81203.0,81203.0,27086.0,772.0,186.0,25598.0,4443.0,3976.0,2259.0,4380.0,2021.0,17323.0
Buf_over,72191.0,72191.0,24026.0,697.0,156.0,22733.0,3933.0,3496.0,2049.0,3855.0,1811.0,15478.0
Buf_over,65579.0,65579.0,21782.0,642.0,134.0,20632.0,3559.0,3144.0,1895.0,3470.0,1657.0,14125.0
Buf_over,68574.0,68574.0,22802.0,667.0,144.0,21587.0,3729.0,3304.0,1965.0,3645.0,1727.0,14740.0
Buf_over,79993.0,79993.0,26678.0,762.0,182.0,25216.0,4375.0,3912.0,2231.0,4310.0,1993.0,17077.0
Buf_over,80588.0,80588.0,26882.0,767.0,184.0,25407.0,4409.0,3944.0,2245.0,4345.0,2007.0,17200.0
Buf_over,65579.0,65579.0,21782.0,642.0,134.0,20632.0,3559.0,3144.0,1895.0,3470.0,1657.0,14125.0
Buf_over,84183.0,84183.0,28106.0,797.0,196.0,26553.0,4613.0,4136.0,2329.0,4555.0,2091.0,17938.0
Buf_over,81672.0,81672.0,26678.0,762.0,182.0,26095.0,4375.0,3912.0,2231.0,4310.0,1993.0,17077.0
Buf_over,69282.0,69282.0,22394.0,657.0,140.0,21878.0,3661.0,3240.0,1937.0,3575.0,1699.0,14494.0
Buf_over,75897.0,75897.0,24638.0,712.0,162.0,24317.0,4035.0,3592.0,2091.0,3960.0,1853.0,15847.0
Buf_over,86006.0,86006.0,28514.0,807.0,200.0,27253.0,4681.0,4200.0,2357.0,4625.0,2119.0,18184.0
Buf_over,82071.0,82071.0,26678.0,762.0,182.0,25980.0,4375.0,3912.0,2231.0,4310.0,1993.0,17077.0
Buf_over,84481.0,84481.0,27494.0,782.0,190.0,26762.0,4511.0,4040.0,2287.0,4450.0,2049.0,17569.0
Buf_over,84993.0,84993.0,28310.0,802.0,198.0,26880.0,4647.0,4168.0,2343.0,4590.0,2105.0,18061.0
Buf_over,67054.0,67054.0,22190.0,652.0,138.0,21181.0,3627.0,3208.0,1923.0,3540.0,1685.0,14371.0
Buf_over,86892.0,86892.0,28922.0,817.0,204.0,27501.0,4749.0,4264.0,2385.0,4695.0,2147.0,18430.0
Buf_over,86945.0,86945.0,28922.0,817.0,204.0,27522.0,4749.0,4264.0,2385.0,4695.0,2147.0,18430.0
Buf_over,85113.0,85113.0,28310.0,802.0,198.0,26949.0,4647.0,4168.0,2343.0,4590.0,2105.0,18061.0
Buf_over,65067.0,65067.0,21578.0,637.0,132.0,20528.0,3525.0,3112.0,1881.0,3435.0,1643.0,14002.0
Buf_over,77078.0,77078.0,25046.0,722.0,166.0,24292.0,4103.0,3656.0,2119.0,4030.0,1881.0,16093.0
Buf_over,83965.0,83965.0,26882.0,767.0,184.0,26605.0,4409.0,3944.0,2245.0,4345.0,2007.0,17200.0
Buf_over,83738.0,83738.0,27086.0,772.0,186.0,26891.0,4443.0,3976.0,2259.0,4380.0,2021.0,17323.0
Buf_over,77649.0,77649.0,25862.0,742.0,174.0,24525.0,4239.0,3784.0,2175.0,4170.0,1937.0,16585.0
Buf_over,87140.0,87140.0,28514.0,807.0,200.0,27800.0,4681.0,4200.0,2357.0,4625.0,2119.0,18184.0
Buf_over,78289.0,78289.0,25454.0,732.0,170.0,25057.0,4171.0,3720.0,2147.0,4100.0,1909.0,16339.0
Buf_over,83497.0,83497.0,27086.0,772.0,186.0,26492.0,4443.0,3976.0,2259.0,4380.0,2021.0,17323.0
Buf_over,69883.0,69883.0,22394.0,657.0,140.0,22464.0,3661.0,3240.0,1937.0,3575.0,1699.0,14494.0
Buf_over,70496.0,70496.0,23210.0,677.0,148.0,22363.0,3797.0,3368.0,1993.0,3715.0,1755.0,14986.0
Buf_over,77855.0,77855.0,25862.0,742.0,174.0,24604.0,4239.0,3784.0,2175.0,4170.0,1937.0,16585.0
Buf_over,86346.0,86346.0,28718.0,812.0,202.0,27301.0,4715.0,4232.0,2371.0,4660.0,2133.0,18307.0
Buf_over,86904.0,86904.0,28922.0,817.0,204.0,27512.0,4749.0,4264.0,2385.0,4695.0,2147.0,18430.0
Buf_over,68647.0,68647.0,22802.0,667.0,144.0,21660.0,3729.0,3304.0,1965.0,3645.0,1727.0,14740.0
Buf_over,64381.0,64381.0,21374.0,632.0,130.0,20250.0,3491.0,3080.0,1867.0,3400.0,1629.0,13879.0
Buf_over,74131.0,74131.0,24638.0,712.0,162.0,23379.0,4035.0,3592.0,2091.0,3960.0,1853.0,15847.0
Buf_over,74803.0,74803.0,24842.0,717.0,164.0,23632.0,4069.0,3624.0,2105.0,3995.0,1867.0,15970.0
Buf_over,89716.0,89716.0,29126.0,822.0,206.0,28473.0,4783.0,4296.0,2399.0,4730.0,2161.0,18553.0
Buf_over,77687.0,77687.0,25862.0,742.0,174.0,24531.0,4239.0,3784.0,2175.0,4170.0,1937.0,16585.0
Buf_over,64983.0,64983.0,21578.0,637.0,132.0,20441.0,3525.0,3112.0,1881.0,3435.0,1643.0,14002.0
Buf_over,69173.0,69173.0,23006.0,672.0,146.0,21778.0,3763.0,3336.0,1979.0,3680.0,1741.0,14863.0
Buf_over,78791.0,78791.0,26270.0,752.0,178.0,24834.0,4307.0,3848.0,2203.0,4240.0,1965.0,16831.0
Buf_over,86578.0,86578.0,28922.0,817.0,204.0,27317.0,4749.0,4264.0,2385.0,4695.0,2147.0,18430.0
Buf_over,71586.0,71586.0,23822.0,692.0,154.0,22542.0,3899.0,3464.0,2035.0,3820.0,1797.0,15355.0
Buf_over,87776.0,87776.0,29330.0,827.0,208.0,27699.0,4817.0,4328.0,2413.0,4765.0,2175.0,18676.0
Buf_over,84781.0,84781.0,28310.0,802.0,198.0,26744.0,4647.0,4168.0,2343.0,4590.0,2105.0,18061.0
Buf_over,67975.0,67975.0,22598.0,662.0,142.0,21396.0,3695.0,3272.0,1951.0,3610.0,1713.0,14617.0
Buf_over,84781.0,84781.0,28310.0,802.0,198.0,26744.0,4647.0,4168.0,2343.0,4590.0,2105.0,18061.0
Buf_over,82385.0,82385.0,27494.0,782.0,190.0,25980.0,4511.0,4040.0,2287.0,4450.0,2049.0,17569.0
Buf_over,85380.0,85380.0,28514.0,807.0,200.0,26935.0,4681.0,4200.0,2357.0,4625.0,2119.0,18184.0
Buf_over,67992.0,67992.0,22598.0,662.0,142.0,21396.0,3695.0,3272.0,1951.0,3610.0,1713.0,14617.0
Buf_over,70371.0,70371.0,23414.0,682.0,150.0,22160.0,3831.0,3400.0,2007.0,3750.0,1769.0,15109.0
Buf_over,88692.0,88692.0,29652.0,833.0,210.0,27993.0,4859.0,4367.0,2432.0,4820.0,2199.0,18850.0
Buf_over,79373.0,79373.0,26474.0,757.0,180.0,25025.0,4341.0,3880.0,2217.0,4275.0,1979.0,16954.0
Buf_over,87810.0,87810.0,29330.0,828.0,208.0,27699.0,4817.0,4328.0,2413.0,4765.0,2175.0,18676.0
Buf_over,81805.0,81805.0,27290.0,778.0,188.0,25789.0,4477.0,4008.0,2273.0,4415.0,2035.0,17446.0
Buf_over,88076.0,88076.0,29330.0,830.0,208.0,27699.0,4817.0,4328.0,2413.0,4765.0,2175.0,18676.0
Buf_over,87343.0,87343.0,28922.0,833.0,204.0,27317.0,4749.0,4264.0,2385.0,4695.0,2147.0,18430.0
Buf_over,67410.0,67410.0,22394.0,658.0,140.0,21205.0,3661.0,3240.0,1937.0,3575.0,1699.0,14494.0
Buf_over,82385.0,82385.0,27494.0,782.0,190.0,25980.0,4511.0,4040.0,2287.0,4450.0,2049.0,17569.0
Buf_over,84781.0,84781.0,28310.0,802.0,198.0,26744.0,4647.0,4168.0,2343.0,4590.0,2105.0,18061.0
Buf_over,73383.0,73383.0,24434.0,707.0,160.0,23115.0,4001.0,3560.0,2077.0,3925.0,1839.0,15724.0
Buf_over,73982.0,73982.0,24638.0,712.0,162.0,23306.0,4035.0,3592.0,2091.0,3960.0,1853.0,15847.0
Buf_over,75779.0,75779.0,25250.0,727.0,168.0,23879.0,4137.0,3688.0,2133.0,4065.0,1895.0,16216.0
Buf_over,79373.0,79373.0,26474.0,757.0,180.0,25025.0,4341.0,3880.0,2217.0,4275.0,1979.0,16954.0
Buf_over,76395.0,76395.0,25454.0,732.0,170.0,24070.0,4171.0,3720.0,2147.0,4100.0,1909.0,16339.0
Buf_over,75180.0,75180.0,25046.0,722.0,166.0,23688.0,4103.0,3656.0,2119.0,4030.0,1881.0,16093.0
Buf_over,72168.0,72168.0,24026.0,697.0,156.0,22733.0,3933.0,3496.0,2049.0,3855.0,1811.0,15478.0
Buf_over,85397.0,85397.0,28514.0,807.0,200.0,26935.0,4681.0,4200.0,2357.0,4625.0,2119.0,18184.0
Buf_over,67975.0,67975.0,22598.0,662.0,142.0,21396.0,3695.0,3272.0,1951.0,3610.0,1713.0,14617.0
Buf_over,66777.0,66777.0,22190.0,652.0,138.0,21014.0,3627.0,3208.0,1923.0,3540.0,1685.0,14371.0
Buf_over,72800.0,72800.0,24230.0,702.0,158.0,22924.0,3967.0,3528.0,2063.0,3890.0,1825.0,15601.0
Buf_over,72185.0,72185.0,24026.0,697.0,156.0,22733.0,3933.0,3496.0,2049.0,3855.0,1811.0,15478.0
Buf_over,85979.0,85979.0,28718.0,812.0,202.0,27126.0,4715.0,4232.0,2371.0,4660.0,2133.0,18307.0
Buf_over,86578.0,86578.0,28922.0,817.0,204.0,27317.0,4749.0,4264.0,2385.0,4695.0,2147.0,18430.0
Buf_over,72185.0,72185.0,24026.0,697.0,156.0,22733.0,3933.0,3496.0,2049.0,3855.0,1811.0,15478.0
Buf_over,81786.0,81786.0,27290.0,777.0,188.0,25789.0,4477.0,4008.0,2273.0,4415.0,2035.0,17446.0
Buf_over,64980.0,64980.0,21578.0,637.0,132.0,20441.0,3525.0,3112.0,1881.0,3435.0,1643.0,14002.0
Buf_over,78971.0,78971.0,26066.0,747.0,176.0,24757.0,4273.0,3816.0,2189.0,4205.0,1951.0,16708.0
Buf_over,80353.0,80353.0,26678.0,762.0,182.0,25404.0,4375.0,3912.0,2231.0,4310.0,1993.0,17077.0
Buf_over,67411.0,67411.0,22394.0,657.0,140.0,21222.0,3661.0,3240.0,1937.0,3575.0,1699.0,14494.0
Buf_over,70371.0,70371.0,23414.0,682.0,150.0,22160.0,3831.0,3400.0,2007.0,3750.0,1769.0,15109.0
Buf_over,78791.0,78791.0,26270.0,752.0,178.0,24834.0,4307.0,3848.0,2203.0,4240.0,1965.0,16831.0
Buf_over,64381.0,64381.0,21374.0,632.0,130.0,20250.0,3491.0,3080.0,1867.0,3400.0,1629.0,13879.0
Buf_over,78774.0,78774.0,26270.0,752.0,178.0,24834.0,4307.0,3848.0,2203.0,4240.0,1965.0,16831.0
Buf_over,89512.0,89512.0,29330.0,827.0,208.0,28256.0,4817.0,4328.0,2413.0,4765.0,2175.0,18676.0
Buf_over,76446.0,76446.0,25250.0,727.0,168.0,23910.0,4137.0,3688.0,2133.0,4065.0,1895.0,16216.0
Buf_over,81187.0,81187.0,27086.0,772.0,186.0,25598.0,4443.0,3976.0,2259.0,4380.0,2021.0,17323.0
Buf_over,67393.0,67393.0,22394.0,657.0,140.0,21205.0,3661.0,3240.0,1937.0,3575.0,1699.0,14494.0
Buf_over,72767.0,72767.0,24230.0,702.0,158.0,22924.0,3967.0,3528.0,2063.0,3890.0,1825.0,15601.0
Buf_over,79390.0,79390.0,26474.0,757.0,180.0,25025.0,4341.0,3880.0,2217.0,4275.0,1979.0,16954.0
Buf_over,81796.0,81796.0,27290.0,777.0,188.0,25789.0,4477.0,4008.0,2273.0,4415.0,2035.0,17446.0
Buf_over,87776.0,87776.0,29330.0,827.0,208.0,27699.0,4817.0,4328.0,2413.0,4765.0,2175.0,18676.0
Buf_over,82385.0,82385.0,27494.0,782.0,190.0,25980.0,4511.0,4040.0,2287.0,4450.0,2049.0,17569.0
Buf_over,78175.0,78175.0,26066.0,747.0,176.0,24643.0,4273.0,3816.0,2189.0,4205.0,1951.0,16708.0
Buf_over,82984.0,82984.0,27698.0,787.0,192.0,26171.0,4545.0,4072.0,2301.0,4485.0,2063.0,17692.0
Buf_over,80588.0,80588.0,26882.0,767.0,184.0,25407.0,4409.0,3944.0,2245.0,4345.0,2007.0,17200.0
Buf_over,73383.0,73383.0,24434.0,707.0,160.0,23115.0,4001.0,3560.0,2077.0,3925.0,1839.0,15724.0
Buf_over,86578.0,86578.0,28922.0,817.0,204.0,27317.0,4749.0,4264.0,2385.0,4695.0,2147.0,18430.0
Buf_over,82984.0,82984.0,27698.0,787.0,192.0,26171.0,4545.0,4072.0,2301.0,4485.0,2063.0,17692.0
Buf_over,79373.0,79373.0,26474.0,757.0,180.0,25025.0,4341.0,3880.0,2217.0,4275.0,1979.0,16954.0
Buf_over,81195.0,81195.0,27086.0,772.0,186.0,25598.0,4443.0,3976.0,2259.0,4380.0,2021.0,17323.0
Buf_over,84787.0,84787.0,28310.0,802.0,198.0,26744.0,4647.0,4168.0,2343.0,4590.0,2105.0,18061.0
Buf_over,84782.0,84782.0,28310.0,802.0,198.0,26744.0,4647.0,4168.0,2343.0,4590.0,2105.0,18061.0
Buf_over,73383.0,73383.0,24434.0,707.0,160.0,23115.0,4001.0,3560.0,2077.0,3925.0,1839.0,15724.0
Buf_over,84273.0,84273.0,27290.0,777.0,188.0,27071.0,4477.0,4008.0,2273.0,4415.0,2035.0,17446.0
Buf_over,86527.0,86527.0,27902.0,792.0,194.0,27592.0,4579.0,4104.0,2315.0,4520.0,2077.0,17815.0
Buf_over,85555.0,85555.0,28514.0,807.0,200.0,27048.0,4681.0,4200.0,2357.0,4625.0,2119.0,18184.0
Buf_over,75066.0,75066.0,24230.0,702.0,158.0,23782.0,3967.0,3528.0,2063.0,3890.0,1825.0,15601.0
Buf_over,72503.0,72503.0,23414.0,682.0,150.0,22962.0,3831.0,3400.0,2007.0,3750.0,1769.0,15109.0
Buf_over,67115.0,67115.0,22190.0,652.0,138.0,21207.0,3627.0,3208.0,1923.0,3540.0,1685.0,14371.0
Buf_over,79005.0,79005.0,26270.0,752.0,178.0,24942.0,4307.0,3848.0,2203.0,4240.0,1965.0,16831.0
Buf_over,65290.0,65290.0,21578.0,637.0,132.0,20634.0,3525.0,3112.0,1881.0,3435.0,1643.0,14002.0
Buf_over,68819.0,68819.0,22802.0,667.0,144.0,21736.0,3729.0,3304.0,1965.0,3645.0,1727.0,14740.0
Buf_over,80881.0,80881.0,26882.0,767.0,184.0,25570.0,4409.0,3944.0,2245.0,4345.0,2007.0,17200.0
Buf_over,70062.0,70062.0,23210.0,677.0,148.0,22149.0,3797.0,3368.0,1993.0,3715.0,1755.0,14986.0
Buf_over,74826.0,74826.0,24842.0,717.0,164.0,23646.0,4069.0,3624.0,2105.0,3995.0,1867.0,15970.0
Buf_over,87122.0,87122.0,28718.0,812.0,202.0,27732.0,4715.0,4232.0,2371.0,4660.0,2133.0,18307.0
Buf_over,84592.0,84592.0,27086.0,772.0,186.0,26447.0,4443.0,3976.0,2259.0,4380.0,2021.0,17323.0
Buf_over,79597.0,79597.0,25658.0,737.0,172.0,25579.0,4205.0,3752.0,2161.0,4135.0,1923.0,16462.0
Buf_over,83165.0,83165.0,27494.0,782.0,190.0,26407.0,4511.0,4040.0,2287.0,4450.0,2049.0,17569.0
Buf_over,87674.0,87674.0,28922.0,817.0,204.0,27888.0,4749.0,4264.0,2385.0,4695.0,2147.0,18430.0
Buf_over,77101.0,77101.0,24842.0,717.0,164.0,24783.0,4069.0,3624.0,2105.0,3995.0,1867.0,15970.0
Buf_over,81828.0,81828.0,26474.0,757.0,180.0,25978.0,4341.0,3880.0,2217.0,4275.0,1979.0,16954.0
Buf_over,68331.0,68331.0,22190.0,652.0,138.0,21818.0,3627.0,3208.0,1923.0,3540.0,1685.0,14371.0
Buf_over,73193.0,73193.0,23822.0,692.0,154.0,23339.0,3899.0,3464.0,2035.0,3820.0,1797.0,15355.0
Buf_over,76088.0,76088.0,25250.0,727.0,168.0,24065.0,4137.0,3688.0,2133.0,4065.0,1895.0,16216.0
Buf_over,73703.0,73703.0,24434.0,707.0,160.0,23281.0,4001.0,3560.0,2077.0,3925.0,1839.0,15724.0
Buf_over,89041.0,89041.0,29652.0,833.0,210.0,28195.0,4859.0,4367.0,2432.0,4820.0,2199.0,18850.0
Buf_over,83203.0,83203.0,27698.0,787.0,192.0,26325.0,4545.0,4072.0,2301.0,4485.0,2063.0,17692.0
Buf_over,80653.0,80653.0,26882.0,767.0,184.0,25455.0,4409.0,3944.0,2245.0,4345.0,2007.0,17200.0
Buf_over,86233.0,86233.0,28718.0,812.0,202.0,27250.0,4715.0,4232.0,2371.0,4660.0,2133.0,18307.0
Buf_over,83929.0,83929.0,27698.0,787.0,192.0,26675.0,4545.0,4072.0,2301.0,4485.0,2063.0,17692.0
Buf_over,84134.0,84134.0,27494.0,782.0,190.0,26566.0,4511.0,4040.0,2287.0,4450.0,2049.0,17569.0
Buf_over,78223.0,78223.0,26066.0,747.0,176.0,24677.0,4273.0,3816.0,2189.0,4205.0,1951.0,16708.0
Buf_over,74581.0,74581.0,24842.0,717.0,164.0,23497.0,4069.0,3624.0,2105.0,3995.0,1867.0,15970.0
Buf_over,87776.0,87776.0,29330.0,827.0,208.0,27699.0,4817.0,4328.0,2413.0,4765.0,2175.0,18676.0
Buf_over,83583.0,83583.0,27902.0,792.0,194.0,26362.0,4579.0,4104.0,2315.0,4520.0,2077.0,17815.0
Buf_over,67376.0,67376.0,22394.0,657.0,140.0,21205.0,3661.0,3240.0,1937.0,3575.0,1699.0,14494.0
Buf_over,72185.0,72185.0,24026.0,697.0,156.0,22733.0,3933.0,3496.0,2049.0,3855.0,1811.0,15478.0
Buf_over,81187.0,81187.0,27086.0,772.0,186.0,25598.0,4443.0,3976.0,2259.0,4380.0,2021.0,17323.0
Buf_over,70371.0,70371.0,23414.0,682.0,150.0,22160.0,3831.0,3400.0,2007.0,3750.0,1769.0,15109.0
Buf_over,82984.0,82984.0,27698.0,787.0,192.0,26171.0,4545.0,4072.0,2301.0,4485.0,2063.0,17692.0
Buf_over,71586.0,71586.0,23822.0,692.0,154.0,22542.0,3899.0,3464.0,2035.0,3820.0,1797.0,15355.0
Buf_over,78774.0,78774.0,26270.0,752.0,178.0,24834.0,4307.0,3848.0,2203.0,4240.0,1965.0,16831.0
Buf_over,84182.0,84182.0,28106.0,797.0,196.0,26553.0,4613.0,4136.0,2329.0,4555.0,2091.0,17938.0
Buf_over,69190.0,69190.0,23006.0,672.0,146.0,21778.0,3763.0,3336.0,1979.0,3680.0,1741.0,14863.0
Buf_over,81786.0,81786.0,27290.0,777.0,188.0,25789.0,4477.0,4008.0,2273.0,4415.0,2035.0,17446.0
Buf_over,67975.0,67975.0,22598.0,662.0,142.0,21396.0,3695.0,3272.0,1951.0,3610.0,1713.0,14617.0
Buf_over,67975.0,67975.0,22598.0,662.0,142.0,21396.0,3695.0,3272.0,1951.0,3610.0,1713.0,14617.0
Buf_over,69224.0,69224.0,23006.0,673.0,146.0,21778.0,3763.0,3336.0,1979.0,3680.0,1741.0,14863.0
Buf_over,87211.0,87211.0,29126.0,823.0,206.0,27508.0,4783.0,4296.0,2399.0,4730.0,2161.0,18553.0
Buf_over,81935.0,81935.0,27290.0,780.0,188.0,25789.0,4477.0,4008.0,2273.0,4415.0,2035.0,17446.0
Buf_over,72313.0,72313.0,23822.0,706.0,154.0,22542.0,3899.0,3464.0,2035.0,3820.0,1797.0,15355.0
Buf_over,79475.0,79475.0,26474.0,758.0,180.0,25025.0,4341.0,3880.0,2217.0,4275.0,1979.0,16954.0
Buf_over,81786.0,81786.0,27290.0,777.0,188.0,25789.0,4477.0,4008.0,2273.0,4415.0,2035.0,17446.0
Buf_over,70970.0,70970.0,23618.0,687.0,152.0,22351.0,3865.0,3432.0,2021.0,3785.0,1783.0,15232.0
Buf_over,78192.0,78192.0,26066.0,747.0,176.0,24643.0,4273.0,3816.0,2189.0,4205.0,1951.0,16708.0
Buf_over,81772.0,81772.0,27290.0,777.0,188.0,25789.0,4477.0,4008.0,2273.0,4415.0,2035.0,17446.0
Buf_over,79989.0,79989.0,26678.0,762.0,182.0,25216.0,4375.0,3912.0,2231.0,4310.0,1993.0,17077.0
Buf_over,76384.0,76384.0,25454.0,732.0,170.0,24070.0,4171.0,3720.0,2147.0,4100.0,1909.0,16339.0
Buf_over,68008.0,68008.0,22598.0,662.0,142.0,21396.0,3695.0,3272.0,1951.0,3610.0,1713.0,14617.0
Buf_over,72168.0,72168.0,24026.0,697.0,156.0,22733.0,3933.0,3496.0,2049.0,3855.0,1811.0,15478.0
Buf_over,73998.0,73998.0,24638.0,712.0,162.0,23306.0,4035.0,3592.0,2091.0,3960.0,1853.0,15847.0
Buf_over,80588.0,80588.0,26882.0,767.0,184.0,25407.0,4409.0,3944.0,2245.0,4345.0,2007.0,17200.0
Buf_over,65582.0,65582.0,21782.0,642.0,134.0,20632.0,3559.0,3144.0,1895.0,3470.0,1657.0,14125.0
Buf_over,84781.0,84781.0,28310.0,802.0,198.0,26744.0,4647.0,4168.0,2343.0,4590.0,2105.0,18061.0
Buf_over,79389.0,79389.0,26474.0,757.0,180.0,25025.0,4341.0,3880.0,2217.0,4275.0,1979.0,16954.0
Buf_over,66794.0,66794.0,22190.0,652.0,138.0,21014.0,3627.0,3208.0,1923.0,3540.0,1685.0,14371.0
Buf_over,64381.0,64381.0,21374.0,632.0,130.0,20250.0,3491.0,3080.0,1867.0,3400.0,1629.0,13879.0
Buf_over,71569.0,71569.0,23822.0,692.0,154.0,22542.0,3899.0,3464.0,2035.0,3820.0,1797.0,15355.0
Buf_over,76994.0,76994.0,25658.0,737.0,172.0,24261.0,4205.0,3752.0,2161.0,4135.0,1923.0,16462.0
Buf_over,66178.0,66178.0,21986.0,647.0,136.0,20823.0,3593.0,3176.0,1909.0,3505.0,1671.0,14248.0
Buf_over,83583.0,83583.0,27902.0,792.0,194.0,26362.0,4579.0,4104.0,2315.0,4520.0,2077.0,17815.0
Buf_over,75187.0,75187.0,25046.0,722.0,166.0,23688.0,4103.0,3656.0,2119.0,4030.0,1881.0,16093.0
Buf_over,72769.0,72769.0,24026.0,697.0,156.0,22733.0,3933.0,3496.0,2049.0,3855.0,1811.0,15478.0
Buf_over,81786.0,81786.0,27086.0,772.0,186.0,25898.0,4443.0,3976.0,2259.0,4380.0,2021.0,17323.0
Buf_over,78809.0,78809.0,26270.0,752.0,178.0,24851.0,4307.0,3848.0,2203.0,4240.0,1965.0,16831.0
Buf_over,79373.0,79373.0,26474.0,757.0,180.0,25025.0,4341.0,3880.0,2217.0,4275.0,1979.0,16954.0
Buf_over,82984.0,82984.0,27698.0,787.0,192.0,26171.0,4545.0,4072.0,2301.0,4485.0,2063.0,17692.0
Buf_over,88675.0,88675.0,29652.0,833.0,210.0,27993.0,4859.0,4367.0,2432.0,4820.0,2199.0,18850.0
Buf_over,65579.0,65579.0,21782.0,642.0,134.0,20632.0,3559.0,3144.0,1895.0,3470.0,1657.0,14125.0
Buf_over,84188.0,84188.0,27290.0,777.0,188.0,26377.0,4477.0,4008.0,2273.0,4415.0,2035.0,17446.0
Buf_over,85439.0,85439.0,28514.0,807.0,200.0,26966.0,4681.0,4200.0,2357.0,4625.0,2119.0,18184.0
Buf_over,82385.0,82385.0,27494.0,782.0,190.0,25980.0,4511.0,4040.0,2287.0,4450.0,2049.0,17569.0
Buf_over,66793.0,66793.0,22190.0,652.0,138.0,21014.0,3627.0,3208.0,1923.0,3540.0,1685.0,14371.0
Buf_over,74581.0,74581.0,24842.0,717.0,164.0,23497.0,4069.0,3624.0,2105.0,3995.0,1867.0,15970.0
Buf_over,78791.0,78791.0,26270.0,752.0,178.0,24834.0,4307.0,3848.0,2203.0,4240.0,1965.0,16831.0
Buf_over,74581.0,74581.0,24842.0,717.0,164.0,23497.0,4069.0,3624.0,2105.0,3995.0,1867.0,15970.0
Buf_over,88675.0,88675.0,29652.0,833.0,210.0,27993.0,4859.0,4367.0,2432.0,4820.0,2199.0,18850.0
Buf_over,86578.0,86578.0,28922.0,817.0,204.0,27317.0,4749.0,4264.0,2385.0,4695.0,2147.0,18430.0
Buf_over,77609.0,77609.0,25862.0,742.0,174.0,24452.0,4239.0,3784.0,2175.0,4170.0,1937.0,16585.0
Buf_over,78774.0,78774.0,26270.0,752.0,178.0,24834.0,4307.0,3848.0,2203.0,4240.0,1965.0,16831.0
Buf_over,86578.0,86578.0,28922.0,817.0,204.0,27317.0,4749.0,4264.0,2385.0,4695.0,2147.0,18430.0
Buf_over,78791.0,78791.0,26270.0,752.0,178.0,24834.0,4307.0,3848.0,2203.0,4240.0,1965.0,16831.0
Buf_over,73982.0,73982.0,24638.0,712.0,162.0,23306.0,4035.0,3592.0,2091.0,3960.0,1853.0,15847.0
Buf_over,72784.0,72784.0,24230.0,702.0,158.0,22924.0,3967.0,3528.0,2063.0,3890.0,1825.0,15601.0
Buf_over,76378.0,76378.0,25454.0,732.0,170.0,24070.0,4171.0,3720.0,2147.0,4100.0,1909.0,16339.0
Buf_over,74581.0,74581.0,24842.0,717.0,164.0,23497.0,4069.0,3624.0,2105.0,3995.0,1867.0,15970.0
Buf_over,88675.0,88675.0,29652.0,833.0,210.0,27993.0,4859.0,4367.0,2432.0,4820.0,2199.0,18850.0
Buf_over,69191.0,69191.0,23006.0,672.0,146.0,21778.0,3763.0,3336.0,1979.0,3680.0,1741.0,14863.0
Buf_over,72168.0,72168.0,24026.0,697.0,156.0,22733.0,3933.0,3496.0,2049.0,3855.0,1811.0,15478.0
Buf_over,71959.0,71959.0,23414.0,682.0,150.0,22989.0,3831.0,3400.0,2007.0,3750.0,1769.0,15109.0
Buf_over,66728.0,66728.0,21578.0,637.0,132.0,21195.0,3525.0,3112.0,1881.0,3435.0,1643.0,14002.0
Buf_over,72541.0,72541.0,23414.0,682.0,150.0,23146.0,3831.0,3400.0,2007.0,3750.0,1769.0,15109.0
Buf_over,64426.0,64426.0,21374.0,632.0,130.0,20295.0,3491.0,3080.0,1867.0,3400.0,1629.0,13879.0
Buf_over,74429.0,74429.0,24230.0,702.0,158.0,23450.0,3967.0,3528.0,2063.0,3890.0,1825.0,15601.0
Buf_over,66190.0,66190.0,21578.0,637.0,132.0,21062.0,3525.0,3112.0,1881.0,3435.0,1643.0,14002.0
Buf_over,69346.0,69346.0,22394.0,657.0,140.0,21909.0,3661.0,3240.0,1937.0,3575.0,1699.0,14494.0
Buf_over,76532.0,76532.0,25454.0,732.0,170.0,24177.0,4171.0,3720.0,2147.0,4100.0,1909.0,16339.0
Buf_over,65853.0,65853.0,21782.0,642.0,134.0,20785.0,3559.0,3144.0,1895.0,3470.0,1657.0,14125.0
Buf_over,84487.0,84487.0,28106.0,797.0,196.0,26733.0,4613.0,4136.0,2329.0,4555.0,2091.0,17938.0
Buf_over,82633.0,82633.0,27494.0,782.0,190.0,26149.0,4511.0,4040.0,2287.0,4450.0,2049.0,17569.0
Buf_over,83821.0,83821.0,27902.0,792.0,194.0,26508.0,4579.0,4104.0,2315.0,4520.0,2077.0,17815.0
Buf_over,65818.0,65818.0,21782.0,642.0,134.0,20781.0,3559.0,3144.0,1895.0,3470.0,1657.0,14125.0
Buf_over,79111.0,79111.0,26270.0,752.0,178.0,25029.0,4307.0,3848.0,2203.0,4240.0,1965.0,16831.0
Buf_over,79444.0,79444.0,25454.0,732.0,170.0,24848.0,4171.0,3720.0,2147.0,4100.0,1909.0,16339.0
Buf_over,71252.0,71252.0,22802.0,667.0,144.0,22855.0,3729.0,3304.0,1965.0,3645.0,1727.0,14740.0
Buf_over,66189.0,66189.0,21374.0,632.0,130.0,21188.0,3491.0,3080.0,1867.0,3400.0,1629.0,13879.0
Buf_over,80017.0,80017.0,26678.0,762.0,182.0,25261.0,4375.0,3912.0,2231.0,4310.0,1993.0,17077.0
Buf_over,75514.0,75514.0,24842.0,717.0,164.0,23977.0,4069.0,3624.0,2105.0,3995.0,1867.0,15970.0
Buf_over,85638.0,85638.0,27698.0,787.0,192.0,27515.0,4545.0,4072.0,2301.0,4485.0,2063.0,17692.0
Buf_over,78845.0,78845.0,25454.0,732.0,170.0,25042.0,4171.0,3720.0,2147.0,4100.0,1909.0,16339.0
Buf_over,86321.0,86321.0,27902.0,792.0,194.0,27733.0,4579.0,4104.0,2315.0,4520.0,2077.0,17815.0
Buf_over,73248.0,73248.0,24230.0,702.0,158.0,23187.0,3967.0,3528.0,2063.0,3890.0,1825.0,15601.0
Buf_over,68842.0,68842.0,22802.0,667.0,144.0,21742.0,3729.0,3304.0,1965.0,3645.0,1727.0,14740.0
Buf_over,82110.0,82110.0,27290.0,777.0,188.0,25924.0,4477.0,4008.0,2273.0,4415.0,2035.0,17446.0
Buf_over,64699.0,64699.0,21374.0,632.0,130.0,20432.0,3491.0,3080.0,1867.0,3400.0,1629.0,13879.0
Buf_over,75371.0,75371.0,25046.0,722.0,166.0,23814.0,4103.0,3656.0,2119.0,4030.0,1881.0,16093.0
Buf_over,78805.0,78805.0,26270.0,752.0,178.0,24865.0,4307.0,3848.0,2203.0,4240.0,1965.0,16831.0
Buf_over,75325.0,75325.0,25046.0,722.0,166.0,23747.0,4103.0,3656.0,2119.0,4030.0,1881.0,16093.0
Buf_over,64553.0,64553.0,21374.0,632.0,130.0,20371.0,3491.0,3080.0,1867.0,3400.0,1629.0,13879.0
Buf_over,81575.0,81575.0,26678.0,762.0,182.0,26020.0,4375.0,3912.0,2231.0,4310.0,1993.0,17077.0
Buf_over,80942.0,80942.0,26678.0,762.0,182.0,25420.0,4375.0,3912.0,2231.0,4310.0,1993.0,17077.0
Buf_over,64412.0,64412.0,21374.0,632.0,130.0,20267.0,3491.0,3080.0,1867.0,3400.0,1629.0,13879.0
Buf_over,78175.0,78175.0,26066.0,747.0,176.0,24643.0,4273.0,3816.0,2189.0,4205.0,1951.0,16708.0
Buf_over,80588.0,80588.0,26882.0,767.0,184.0,25407.0,4409.0,3944.0,2245.0,4345.0,2007.0,17200.0
Buf_over,80587.0,80587.0,26882.0,767.0,184.0,25407.0,4409.0,3944.0,2245.0,4345.0,2007.0,17200.0
Buf_over,73985.0,73985.0,24638.0,712.0,162.0,23306.0,4035.0,3592.0,2091.0,3960.0,1853.0,15847.0
Buf_over,76378.0,76378.0,25454.0,732.0,170.0,24070.0,4171.0,3720.0,2147.0,4100.0,1909.0,16339.0
Buf_over,88692.0,88692.0,29652.0,833.0,210.0,27993.0,4859.0,4367.0,2432.0,4820.0,2199.0,18850.0
Buf_over,73982.0,73982.0,24638.0,712.0,162.0,23306.0,4035.0,3592.0,2091.0,3960.0,1853.0,15847.0
Buf_over,69173.0,69173.0,23006.0,672.0,146.0,21778.0,3763.0,3336.0,1979.0,3680.0,1741.0,14863.0
Buf_over,85396.0,85396.0,28514.0,807.0,200.0,26935.0,4681.0,4200.0,2357.0,4625.0,2119.0,18184.0
Buf_over,84182.0,84182.0,28106.0,797.0,196.0,26553.0,4613.0,4136.0,2329.0,4555.0,2091.0,17938.0
Buf_over,78192.0,78192.0,26066.0,747.0,176.0,24643.0,4273.0,3816.0,2189.0,4205.0,1951.0,16708.0
Buf_over,87177.0,87177.0,29126.0,822.0,206.0,27508.0,4783.0,4296.0,2399.0,4730.0,2161.0,18553.0
Buf_over,79373.0,79373.0,26474.0,757.0,180.0,25025.0,4341.0,3880.0,2217.0,4275.0,1979.0,16954.0
Buf_over,70388.0,70388.0,23414.0,682.0,150.0,22160.0,3831.0,3400.0,2007.0,3750.0,1769.0,15109.0
Buf_over,86612.0,86612.0,28922.0,818.0,204.0,27317.0,4749.0,4264.0,2385.0,4695.0,2147.0,18430.0
Buf_over,80622.0,80622.0,26882.0,768.0,184.0,25407.0,4409.0,3944.0,2245.0,4345.0,2007.0,17200.0
Buf_over,88811.0,88811.0,29652.0,836.0,210.0,27993.0,4859.0,4367.0,2432.0,4820.0,2199.0,18850.0
Buf_over,77193.0,77193.0,25454.0,748.0,170.0,24070.0,4171.0,3720.0,2147.0,4100.0,1909.0,16339.0
Buf_over,72869.0,72869.0,24230.0,703.0,158.0,22924.0,3967.0,3528.0,2063.0,3890.0,1825.0,15601.0
Buf_over,77593.0,77593.0,25862.0,742.0,174.0,24452.0,4239.0,3784.0,2175.0,4170.0,1937.0,16585.0
Buf_over,88675.0,88675.0,29652.0,833.0,210.0,27993.0,4859.0,4367.0,2432.0,4820.0,2199.0,18850.0
Buf_over,66777.0,66777.0,22190.0,652.0,138.0,21014.0,3627.0,3208.0,1923.0,3540.0,1685.0,14371.0
Buf_over,69190.0,69190.0,23006.0,672.0,146.0,21778.0,3763.0,3336.0,1979.0,3680.0,1741.0,14863.0
Buf_over,67991.0,67991.0,22598.0,662.0,142.0,21396.0,3695.0,3272.0,1951.0,3610.0,1713.0,14617.0
Buf_over,72185.0,72185.0,24026.0,697.0,156.0,22733.0,3933.0,3496.0,2049.0,3855.0,1811.0,15478.0
Buf_over,75779.0,75779.0,25250.0,727.0,168.0,23879.0,4137.0,3688.0,2133.0,4065.0,1895.0,16216.0
Buf_over,76378.0,76378.0,25454.0,732.0,170.0,24070.0,4171.0,3720.0,2147.0,4100.0,1909.0,16339.0
Buf_over,76378.0,76378.0,25454.0,732.0,170.0,24070.0,4171.0,3720.0,2147.0,4100.0,1909.0,16339.0
Buf_over,82984.0,82984.0,27698.0,787.0,192.0,26171.0,4545.0,4072.0,2301.0,4485.0,2063.0,17692.0
Buf_over,65579.0,65579.0,21782.0,642.0,134.0,20632.0,3559.0,3144.0,1895.0,3470.0,1657.0,14125.0
Buf_over,87793.0,87793.0,29330.0,827.0,208.0,27699.0,4817.0,4328.0,2413.0,4765.0,2175.0,18676.0
Buf_over,73366.0,73366.0,24434.0,707.0,160.0,23115.0,4001.0,3560.0,2077.0,3925.0,1839.0,15724.0
Buf_over,76395.0,76395.0,25454.0,732.0,170.0,24070.0,4171.0,3720.0,2147.0,4100.0,1909.0,16339.0
Buf_over,73998.0,73998.0,24638.0,712.0,162.0,23306.0,4035.0,3592.0,2091.0,3960.0,1853.0,15847.0
Buf_over,74581.0,74581.0,24842.0,717.0,164.0,23497.0,4069.0,3624.0,2105.0,3995.0,1867.0,15970.0
Buf_over,67376.0,67376.0,22394.0,657.0,140.0,21205.0,3661.0,3240.0,1937.0,3575.0,1699.0,14494.0
Buf_over,74581.0,74581.0,24842.0,717.0,164.0,23497.0,4069.0,3624.0,2105.0,3995.0,1867.0,15970.0
Buf_over,77576.0,77576.0,25862.0,742.0,174.0,24452.0,4239.0,3784.0,2175.0,4170.0,1937.0,16585.0
Buf_over,81974.0,81974.0,27290.0,777.0,188.0,25789.0,4477.0,4008.0,2273.0,4415.0,2035.0,17446.0
Buf_over,74522.0,74522.0,24638.0,712.0,162.0,23382.0,4035.0,3592.0,2091.0,3960.0,1853.0,15847.0
Buf_over,64834.0,64834.0,21374.0,632.0,130.0,20476.0,3491.0,3080.0,1867.0,3400.0,1629.0,13879.0
Buf_over,75198.0,75198.0,25046.0,722.0,166.0,23705.0,4103.0,3656.0,2119.0,4030.0,1881.0,16093.0
Buf_over,64980.0,64980.0,21578.0,637.0,132.0,20441.0,3525.0,3112.0,1881.0,3435.0,1643.0,14002.0
Buf_over,87776.0,87776.0,29330.0,827.0,208.0,27699.0,4817.0,4328.0,2413.0,4765.0,2175.0,18676.0
Buf_over,75180.0,75180.0,25046.0,722.0,166.0,23688.0,4103.0,3656.0,2119.0,4030.0,1881.0,16093.0
Buf_over,80588.0,80588.0,26882.0,767.0,184.0,25407.0,4409.0,3944.0,2245.0,4345.0,2007.0,17200.0
Buf_over,84889.0,84889.0,27698.0,787.0,192.0,26757.0,4545.0,4072.0,2301.0,4485.0,2063.0,17692.0
Buf_over,66695.0,66695.0,21986.0,647.0,136.0,20856.0,3593.0,3176.0,1909.0,3505.0,1671.0,14248.0
Buf_over,73400.0,73400.0,24434.0,707.0,160.0,23115.0,4001.0,3560.0,2077.0,3925.0,1839.0,15724.0
Buf_over,77576.0,77576.0,25862.0,742.0,174.0,24452.0,4239.0,3784.0,2175.0,4170.0,1937.0,16585.0
Buf_over,66178.0,66178.0,21986.0,647.0,136.0,20823.0,3593.0,3176.0,1909.0,3505.0,1671.0,14248.0
Buf_over,70388.0,70388.0,23414.0,682.0,150.0,22160.0,3831.0,3400.0,2007.0,3750.0,1769.0,15109.0
Buf_over,67376.0,67376.0,22394.0,657.0,140.0,21205.0,3661.0,3240.0,1937.0,3575.0,1699.0,14494.0
Buf_over,80588.0,80588.0,26882.0,767.0,184.0,25407.0,4409.0,3944.0,2245.0,4345.0,2007.0,17200.0
Buf_over,67376.0,67376.0,22394.0,657.0,140.0,21205.0,3661.0,3240.0,1937.0,3575.0,1699.0,14494.0
Buf_over,66777.0,66777.0,22190.0,652.0,138.0,21014.0,3627.0,3208.0,1923.0,3540.0,1685.0,14371.0
Buf_over,75180.0,75180.0,25046.0,722.0,166.0,23688.0,4103.0,3656.0,2119.0,4030.0,1881.0,16093.0
Buf_over,68574.0,68574.0,22802.0,667.0,144.0,21587.0,3729.0,3304.0,1965.0,3645.0,1727.0,14740.0
Buf_over,77593.0,77593.0,25862.0,742.0,174.0,24452.0,4239.0,3784.0,2175.0,4170.0,1937.0,16585.0
Buf_over,69772.0,69772.0,23210.0,677.0,148.0,21969.0,3797.0,3368.0,1993.0,3715.0,1755.0,14986.0
Buf_over,70388.0,70388.0,23414.0,682.0,150.0,22160.0,3831.0,3400.0,2007.0,3750.0,1769.0,15109.0
Buf_over,88691.0,88691.0,29652.0,833.0,210.0,27993.0,4859.0,4367.0,2432.0,4820.0,2199.0,18850.0
Buf_over,80588.0,80588.0,26882.0,767.0,184.0,25407.0,4409.0,3944.0,2245.0,4345.0,2007.0,17200.0
Buf_over,81187.0,81187.0,27086.0,772.0,186.0,25598.0,4443.0,3976.0,2259.0,4380.0,2021.0,17323.0
Buf_over,79373.0,79373.0,26474.0,757.0,180.0,25025.0,4341.0,3880.0,2217.0,4275.0,1979.0,16954.0
Buf_over,76378.0,76378.0,25454.0,732.0,170.0,24070.0,4171.0,3720.0,2147.0,4100.0,1909.0,16339.0
Buf_over,72185.0,72185.0,24026.0,697.0,156.0,22733.0,3933.0,3496.0,2049.0,3855.0,1811.0,15478.0
Buf_over,84782.0,84782.0,28310.0,802.0,198.0,26744.0,4647.0,4168.0,2343.0,4590.0,2105.0,18061.0
Buf_over,85707.0,85707.0,27902.0,792.0,194.0,27456.0,4579.0,4104.0,2315.0,4520.0,2077.0,17815.0
Buf_over,78227.0,78227.0,25250.0,727.0,168.0,24820.0,4137.0,3688.0,2133.0,4065.0,1895.0,16216.0
Buf_over,69980.0,69980.0,23006.0,672.0,146.0,22204.0,3763.0,3336.0,1979.0,3680.0,1741.0,14863.0
Buf_over,77751.0,77751.0,25454.0,732.0,170.0,24465.0,4171.0,3720.0,2147.0,4100.0,1909.0,16339.0
Buf_over,69990.0,69990.0,22802.0,667.0,144.0,22295.0,3729.0,3304.0,1965.0,3645.0,1727.0,14740.0
Buf_over,71810.0,71810.0,23210.0,677.0,148.0,22716.0,3797.0,3368.0,1993.0,3715.0,1755.0,14986.0
Buf_over,84965.0,84965.0,28310.0,802.0,198.0,26866.0,4647.0,4168.0,2343.0,4590.0,2105.0,18061.0
Buf_over,71235.0,71235.0,23618.0,687.0,152.0,22510.0,3865.0,3432.0,2021.0,3785.0,1783.0,15232.0
Buf_over,67068.0,67068.0,22190.0,652.0,138.0,21180.0,3627.0,3208.0,1923.0,3540.0,1685.0,14371.0
Buf_over,69982.0,69982.0,23210.0,677.0,148.0,22101.0,3797.0,3368.0,1993.0,3715.0,1755.0,14986.0
Buf_over,86890.0,86890.0,28922.0,817.0,204.0,27488.0,4749.0,4264.0,2385.0,4695.0,2147.0,18430.0
Buf_over,65866.0,65866.0,21782.0,642.0,134.0,20809.0,3559.0,3144.0,1895.0,3470.0,1657.0,14125.0
Buf_over,68749.0,68749.0,22802.0,667.0,144.0,21694.0,3729.0,3304.0,1965.0,3645.0,1727.0,14740.0
Buf_over,84751.0,84751.0,27494.0,782.0,190.0,26599.0,4511.0,4040.0,2287.0,4450.0,2049.0,17569.0
Buf_over,89052.0,89052.0,28514.0,807.0,200.0,28501.0,4681.0,4200.0,2357.0,4625.0,2119.0,18184.0
Buf_over,75139.0,75139.0,24434.0,707.0,160.0,24036.0,4001.0,3560.0,2077.0,3925.0,1839.0,15724.0
Buf_over,74626.0,74626.0,24842.0,717.0,164.0,23542.0,4069.0,3624.0,2105.0,3995.0,1867.0,15970.0
Buf_over,82777.0,82777.0,27086.0,772.0,186.0,26389.0,4443.0,3976.0,2259.0,4380.0,2021.0,17323.0
Buf_over,71776.0,71776.0,23210.0,677.0,148.0,22997.0,3797.0,3368.0,1993.0,3715.0,1755.0,14986.0
Buf_over,74492.0,74492.0,24026.0,697.0,156.0,23638.0,3933.0,3496.0,2049.0,3855.0,1811.0,15478.0
Buf_over,65499.0,65499.0,21374.0,632.0,130.0,20823.0,3491.0,3080.0,1867.0,3400.0,1629.0,13879.0
Buf_over,83722.0,83722.0,27290.0,777.0,188.0,26732.0,4477.0,4008.0,2273.0,4415.0,2035.0,17446.0
Buf_over,76117.0,76117.0,25250.0,727.0,168.0,24091.0,4137.0,3688.0,2133.0,4065.0,1895.0,16216.0
Buf_over,71297.0,71297.0,23618.0,687.0,152.0,22520.0,3865.0,3432.0,2021.0,3785.0,1783.0,15232.0
Buf_over,76717.0,76717.0,25454.0,732.0,170.0,24262.0,4171.0,3720.0,2147.0,4100.0,1909.0,16339.0
Buf_over,86814.0,86814.0,28922.0,817.0,204.0,27474.0,4749.0,4264.0,2385.0,4695.0,2147.0,18430.0
Buf_over,77651.0,77651.0,25862.0,742.0,174.0,24510.0,4239.0,3784.0,2175.0,4170.0,1937.0,16585.0
Buf_over,75931.0,75931.0,25250.0,727.0,168.0,23952.0,4137.0,3688.0,2133.0,4065.0,1895.0,16216.0
Buf_over,83233.0,83233.0,27698.0,787.0,192.0,26323.0,4545.0,4072.0,2301.0,4485.0,2063.0,17692.0
Buf_over,80722.0,80722.0,26066.0,747.0,176.0,25620.0,4273.0,3816.0,2189.0,4205.0,1951.0,16708.0
Buf_over,77057.0,77057.0,25658.0,737.0,172.0,24326.0,4205.0,3752.0,2161.0,4135.0,1923.0,16462.0
Buf_over,71586.0,71586.0,23822.0,692.0,154.0,22542.0,3899.0,3464.0,2035.0,3820.0,1797.0,15355.0
Buf_over,73383.0,73383.0,24434.0,707.0,160.0,23115.0,4001.0,3560.0,2077.0,3925.0,1839.0,15724.0
Buf_over,73982.0,73982.0,24638.0,712.0,162.0,23306.0,4035.0,3592.0,2091.0,3960.0,1853.0,15847.0
Buf_over,71569.0,71569.0,23822.0,692.0,154.0,22542.0,3899.0,3464.0,2035.0,3820.0,1797.0,15355.0
Buf_over,87809.0,87809.0,29330.0,827.0,208.0,27699.0,4817.0,4328.0,2413.0,4765.0,2175.0,18676.0
Buf_over,78182.0,78182.0,26066.0,747.0,176.0,24643.0,4273.0,3816.0,2189.0,4205.0,1951.0,16708.0
Buf_over,70388.0,70388.0,23414.0,682.0,150.0,22160.0,3831.0,3400.0,2007.0,3750.0,1769.0,15109.0
Buf_over,70970.0,70970.0,23618.0,687.0,152.0,22351.0,3865.0,3432.0,2021.0,3785.0,1783.0,15232.0
Buf_over,74581.0,74581.0,24842.0,717.0,164.0,23497.0,4069.0,3624.0,2105.0,3995.0,1867.0,15970.0
Buf_over,88692.0,88692.0,29652.0,833.0,210.0,27993.0,4859.0,4367.0,2432.0,4820.0,2199.0,18850.0
Buf_over,81786.0,81786.0,27290.0,777.0,188.0,25789.0,4477.0,4008.0,2273.0,4415.0,2035.0,17446.0
Buf_over,87177.0,87177.0,29126.0,822.0,206.0,27508.0,4783.0,4296.0,2399.0,4730.0,2161.0,18553.0
Buf_over,67975.0,67975.0,22598.0,662.0,142.0,21396.0,3695.0,3272.0,1951.0,3610.0,1713.0,14617.0
Buf_over,77593.0,77593.0,25862.0,742.0,174.0,24452.0,4239.0,3784.0,2175.0,4170.0,1937.0,16585.0
Buf_over,76977.0,76977.0,25658.0,737.0,172.0,24261.0,4205.0,3752.0,2161.0,4135.0,1923.0,16462.0
Buf_over,69173.0,69173.0,23006.0,672.0,146.0,21778.0,3763.0,3336.0,1979.0,3680.0,1741.0,14863.0
Buf_over,86013.0,86013.0,28718.0,813.0,202.0,27126.0,4715.0,4232.0,2371.0,4660.0,2133.0,18307.0
Buf_over,69813.0,69813.0,23210.0,678.0,148.0,21969.0,3797.0,3368.0,1993.0,3715.0,1755.0,14986.0
Buf_over,85045.0,85045.0,28310.0,804.0,198.0,26744.0,4647.0,4168.0,2343.0,4590.0,2105.0,18061.0
Buf_over,89422.0,89422.0,29652.0,849.0,210.0,27993.0,4859.0,4367.0,2432.0,4820.0,2199.0,18850.0
Buf_over,75216.0,75216.0,25046.0,723.0,166.0,23688.0,4103.0,3656.0,2119.0,4030.0,1881.0,16093.0
Buf_over,73386.0,73386.0,24434.0,707.0,160.0,23115.0,4001.0,3560.0,2077.0,3925.0,1839.0,15724.0
Buf_over,67992.0,67992.0,22598.0,662.0,142.0,21396.0,3695.0,3272.0,1951.0,3610.0,1713.0,14617.0
Buf_over,86578.0,86578.0,28922.0,817.0,204.0,27317.0,4749.0,4264.0,2385.0,4695.0,2147.0,18430.0
Buf_over,67376.0,67376.0,22394.0,657.0,140.0,21205.0,3661.0,3240.0,1937.0,3575.0,1699.0,14494.0
Buf_over,76977.0,76977.0,25658.0,737.0,172.0,24261.0,4205.0,3752.0,2161.0,4135.0,1923.0,16462.0
Buf_over,70388.0,70388.0,23414.0,682.0,150.0,22160.0,3831.0,3400.0,2007.0,3750.0,1769.0,15109.0
Buf_over,72784.0,72784.0,24230.0,702.0,158.0,22924.0,3967.0,3528.0,2063.0,3890.0,1825.0,15601.0
Buf_over,76378.0,76378.0,25454.0,732.0,170.0,24070.0,4171.0,3720.0,2147.0,4100.0,1909.0,16339.0
Buf_over,80588.0,80588.0,26882.0,767.0,184.0,25407.0,4409.0,3944.0,2245.0,4345.0,2007.0,17200.0
Buf_over,79373.0,79373.0,26474.0,757.0,180.0,25025.0,4341.0,3880.0,2217.0,4275.0,1979.0,16954.0
Buf_over,68574.0,68574.0,22802.0,667.0,144.0,21587.0,3729.0,3304.0,1965.0,3645.0,1727.0,14740.0
Buf_over,80588.0,80588.0,26882.0,767.0,184.0,25407.0,4409.0,3944.0,2245.0,4345.0,2007.0,17200.0
Buf_over,77576.0,77576.0,25862.0,742.0,174.0,24452.0,4239.0,3784.0,2175.0,4170.0,1937.0,16585.0
Buf_over,85996.0,85996.0,28718.0,812.0,202.0,27126.0,4715.0,4232.0,2371.0,4660.0,2133.0,18307.0
Buf_over,69772.0,69772.0,23210.0,677.0,148.0,21969.0,3797.0,3368.0,1993.0,3715.0,1755.0,14986.0
Buf_over,88692.0,88692.0,29652.0,833.0,210.0,27993.0,4859.0,4367.0,2432.0,4820.0,2199.0,18850.0
Buf_over,84781.0,84781.0,28310.0,802.0,198.0,26744.0,4647.0,4168.0,2343.0,4590.0,2105.0,18061.0
Buf_over,66178.0,66178.0,21986.0,647.0,136.0,20823.0,3593.0,3176.0,1909.0,3505.0,1671.0,14248.0
Buf_over,78158.0,78158.0,25862.0,742.0,174.0,24452.0,4239.0,3784.0,2175.0,4170.0,1937.0,16585.0
Buf_over,80600.0,80600.0,26678.0,762.0,182.0,25518.0,4375.0,3912.0,2231.0,4310.0,1993.0,17077.0
Buf_over,82985.0,82985.0,27698.0,787.0,192.0,26188.0,4545.0,4072.0,2301.0,4485.0,2063.0,17692.0
Buf_over,75206.0,75206.0,25046.0,722.0,166.0,23688.0,4103.0,3656.0,2119.0,4030.0,1881.0,16093.0
Buf_over,82967.0,82967.0,27698.0,787.0,192.0,26171.0,4545.0,4072.0,2301.0,4485.0,2063.0,17692.0
Buf_over,84784.0,84784.0,28310.0,802.0,198.0,26744.0,4647.0,4168.0,2343.0,4590.0,2105.0,18061.0
Buf_over,86604.0,86604.0,28922.0,817.0,204.0,27317.0,4749.0,4264.0,2385.0,4695.0,2147.0,18430.0
Buf_over,85948.0,85948.0,27902.0,792.0,194.0,26940.0,4579.0,4104.0,2315.0,4520.0,2077.0,17815.0
Buf_over,76437.0,76437.0,25454.0,732.0,170.0,24101.0,4171.0,3720.0,2147.0,4100.0,1909.0,16339.0
Buf_over,76378.0,76378.0,25454.0,732.0,170.0,24070.0,4171.0,3720.0,2147.0,4100.0,1909.0,16339.0
Buf_over,85979.0,85979.0,28718.0,812.0,202.0,27126.0,4715.0,4232.0,2371.0,4660.0,2133.0,18307.0
Buf_over,80588.0,80588.0,26882.0,767.0,184.0,25407.0,4409.0,3944.0,2245.0,4345.0,2007.0,17200.0
Buf_over,68574.0,68574.0,22802.0,667.0,144.0,21587.0,3729.0,3304.0,1965.0,3645.0,1727.0,14740.0
Buf_over,67376.0,67376.0,22394.0,657.0,140.0,21205.0,3661.0,3240.0,1937.0,3575.0,1699.0,14494.0
Buf_over,82984.0,82984.0,27698.0,787.0,192.0,26171.0,4545.0,4072.0,2301.0,4485.0,2063.0,17692.0
Buf_over,84182.0,84182.0,28106.0,797.0,196.0,26553.0,4613.0,4136.0,2329.0,4555.0,2091.0,17938.0
Buf_over,76994.0,76994.0,25658.0,737.0,172.0,24261.0,4205.0,3752.0,2161.0,4135.0,1923.0,16462.0
Buf_over,65582.0,65582.0,21782.0,642.0,134.0,20632.0,3559.0,3144.0,1895.0,3470.0,1657.0,14125.0
Buf_over,68574.0,68574.0,22802.0,667.0,144.0,21587.0,3729.0,3304.0,1965.0,3645.0,1727.0,14740.0
Buf_over,87776.0,87776.0,29330.0,827.0,208.0,27699.0,4817.0,4328.0,2413.0,4765.0,2175.0,18676.0
Buf_over,76395.0,76395.0,25454.0,732.0,170.0,24070.0,4171.0,3720.0,2147.0,4100.0,1909.0,16339.0
Buf_over,78175.0,78175.0,26066.0,747.0,176.0,24643.0,4273.0,3816.0,2189.0,4205.0,1951.0,16708.0
Buf_over,75180.0,75180.0,25046.0,722.0,166.0,23688.0,4103.0,3656.0,2119.0,4030.0,1881.0,16093.0
Buf_over,74581.0,74581.0,24842.0,717.0,164.0,23497.0,4069.0,3624.0,2105.0,3995.0,1867.0,15970.0
Buf_over,64394.0,64394.0,21374.0,632.0,130.0,20250.0,3491.0,3080.0,1867.0,3400.0,1629.0,13879.0
Buf_over,85979.0,85979.0,28718.0,812.0,202.0,27126.0,4715.0,4232.0,2371.0,4660.0,2133.0,18307.0
Buf_over,66793.0,66793.0,22190.0,652.0,138.0,21014.0,3627.0,3208.0,1923.0,3540.0,1685.0,14371.0
Buf_over,77594.0,77594.0,25862.0,742.0,174.0,24452.0,4239.0,3784.0,2175.0,4170.0,1937.0,16585.0
Buf_over,82450.0,82450.0,26882.0,767.0,184.0,26380.0,4409.0,3944.0,2245.0,4345.0,2007.0,17200.0
Buf_over,87759.0,87759.0,28310.0,802.0,198.0,27917.0,4647.0,4168.0,2343.0,4590.0,2105.0,18061.0
Buf_over,83080.0,83080.0,27494.0,782.0,190.0,26364.0,4511.0,4040.0,2287.0,4450.0,2049.0,17569.0
Buf_over,72282.0,72282.0,23414.0,682.0,150.0,22827.0,3831.0,3400.0,2007.0,3750.0,1769.0,15109.0
Buf_over,91325.0,91325.0,29652.0,833.0,210.0,29048.0,4859.0,4367.0,2432.0,4820.0,2199.0,18850.0
Buf_over,82131.0,82131.0,27290.0,777.0,188.0,25998.0,4477.0,4008.0,2273.0,4415.0,2035.0,17446.0
Buf_over,78457.0,78457.0,26066.0,747.0,176.0,24803.0,4273.0,3816.0,2189.0,4205.0,1951.0,16708.0
Buf_over,88146.0,88146.0,29330.0,827.0,208.0,27911.0,4817.0,4328.0,2413.0,4765.0,2175.0,18676.0
Buf_over,86912.0,86912.0,28922.0,817.0,204.0,27524.0,4749.0,4264.0,2385.0,4695.0,2147.0,18430.0
Buf_over,85729.0,85729.0,28514.0,807.0,200.0,27140.0,4681.0,4200.0,2357.0,4625.0,2119.0,18184.0
Buf_over,84430.0,84430.0,28106.0,797.0,196.0,26729.0,4613.0,4136.0,2329.0,4555.0,2091.0,17938.0
Buf_over,90737.0,90737.0,29330.0,827.0,208.0,28612.0,4817.0,4328.0,2413.0,4765.0,2175.0,18676.0
Buf_over,88439.0,88439.0,28310.0,802.0,198.0,28309.0,4647.0,4168.0,2343.0,4590.0,2105.0,18061.0
Buf_over,71702.0,71702.0,23414.0,682.0,150.0,22872.0,3831.0,3400.0,2007.0,3750.0,1769.0,15109.0
Buf_over,79421.0,79421.0,26474.0,757.0,180.0,25056.0,4341.0,3880.0,2217.0,4275.0,1979.0,16954.0
Buf_over,88435.0,88435.0,28718.0,812.0,202.0,28390.0,4715.0,4232.0,2371.0,4660.0,2133.0,18307.0
Buf_over,84617.0,84617.0,27494.0,782.0,190.0,27141.0,4511.0,4040.0,2287.0,4450.0,2049.0,17569.0
Buf_over,78294.0,78294.0,25454.0,732.0,170.0,24787.0,4171.0,3720.0,2147.0,4100.0,1909.0,16339.0
Buf_over,69027.0,69027.0,22190.0,652.0,138.0,22133.0,3627.0,3208.0,1923.0,3540.0,1685.0,14371.0
Buf_over,68862.0,68862.0,22802.0,667.0,144.0,21762.0,3729.0,3304.0,1965.0,3645.0,1727.0,14740.0
Buf_over,78502.0,78502.0,26066.0,747.0,176.0,24812.0,4273.0,3816.0,2189.0,4205.0,1951.0,16708.0
Buf_over,80915.0,80915.0,26882.0,767.0,184.0,25592.0,4409.0,3944.0,2245.0,4345.0,2007.0,17200.0
Buf_over,76073.0,76073.0,25250.0,727.0,168.0,24061.0,4137.0,3688.0,2133.0,4065.0,1895.0,16216.0
Buf_over,67466.0,67466.0,22394.0,657.0,140.0,21278.0,3661.0,3240.0,1937.0,3575.0,1699.0,14494.0
Buf_over,87841.0,87841.0,29330.0,827.0,208.0,27730.0,4817.0,4328.0,2413.0,4765.0,2175.0,18676.0
Buf_over,72419.0,72419.0,24026.0,697.0,156.0,22854.0,3933.0,3496.0,2049.0,3855.0,1811.0,15478.0
Buf_over,70595.0,70595.0,23414.0,682.0,150.0,22301.0,3831.0,3400.0,2007.0,3750.0,1769.0,15109.0
Buf_over,80071.0,80071.0,25862.0,742.0,174.0,25403.0,4239.0,3784.0,2175.0,4170.0,1937.0,16585.0
Buf_over,71649.0,71649.0,23822.0,692.0,154.0,22607.0,3899.0,3464.0,2035.0,3820.0,1797.0,15355.0
Buf_over,76411.0,76411.0,25454.0,732.0,170.0,24070.0,4171.0,3720.0,2147.0,4100.0,1909.0,16339.0
Buf_over,70371.0,70371.0,23414.0,682.0,150.0,22160.0,3831.0,3400.0,2007.0,3750.0,1769.0,15109.0
Buf_over,68574.0,68574.0,22802.0,667.0,144.0,21587.0,3729.0,3304.0,1965.0,3645.0,1727.0,14740.0
Buf_over,64381.0,64381.0,21374.0,632.0,130.0,20250.0,3491.0,3080.0,1867.0,3400.0,1629.0,13879.0
Buf_over,84182.0,84182.0,28106.0,797.0,196.0,26553.0,4613.0,4136.0,2329.0,4555.0,2091.0,17938.0
Buf_over,79989.0,79989.0,26678.0,762.0,182.0,25216.0,4375.0,3912.0,2231.0,4310.0,1993.0,17077.0
Buf_over,65579.0,65579.0,21782.0,642.0,134.0,20632.0,3559.0,3144.0,1895.0,3470.0,1657.0,14125.0
Buf_over,87781.0,87781.0,29330.0,827.0,208.0,27699.0,4817.0,4328.0,2413.0,4765.0,2175.0,18676.0
Buf_over,76401.0,76401.0,25454.0,732.0,170.0,24070.0,4171.0,3720.0,2147.0,4100.0,1909.0,16339.0
Buf_over,76378.0,76378.0,25454.0,732.0,170.0,24070.0,4171.0,3720.0,2147.0,4100.0,1909.0,16339.0
Buf_over,71569.0,71569.0,23822.0,692.0,154.0,22542.0,3899.0,3464.0,2035.0,3820.0,1797.0,15355.0
Buf_over,75815.0,75815.0,25250.0,727.0,168.0,23879.0,4137.0,3688.0,2133.0,4065.0,1895.0,16216.0
Buf_over,79373.0,79373.0,26474.0,757.0,180.0,25025.0,4341.0,3880.0,2217.0,4275.0,1979.0,16954.0
Buf_over,74581.0,74581.0,24842.0,717.0,164.0,23497.0,4069.0,3624.0,2105.0,3995.0,1867.0,15970.0
Buf_over,73982.0,73982.0,24638.0,712.0,162.0,23306.0,4035.0,3592.0,2091.0,3960.0,1853.0,15847.0
Buf_over,77576.0,77576.0,25862.0,742.0,174.0,24452.0,4239.0,3784.0,2175.0,4170.0,1937.0,16585.0
Buf_over,65014.0,65014.0,21578.0,638.0,132.0,20441.0,3525.0,3112.0,1881.0,3435.0,1643.0,14002.0
Buf_over,78226.0,78226.0,26066.0,748.0,176.0,24643.0,4273.0,3816.0,2189.0,4205.0,1951.0,16708.0
Buf_over,83136.0,83136.0,27698.0,790.0,192.0,26171.0,4545.0,4072.0,2301.0,4485.0,2063.0,17692.0
Buf_over,89497.0,89497.0,29652.0,849.0,210.0,27993.0,4859.0,4367.0,2432.0,4820.0,2199.0,18850.0
Buf_over,81279.0,81279.0,27086.0,773.0,186.0,25598.0,4443.0,3976.0,2259.0,4380.0,2021.0,17323.0
Buf_over,74581.0,74581.0,24842.0,717.0,164.0,23497.0,4069.0,3624.0,2105.0,3995.0,1867.0,15970.0
Buf_over,74581.0,74581.0,24842.0,717.0,164.0,23497.0,4069.0,3624.0,2105.0,3995.0,1867.0,15970.0
Buf_over,87177.0,87177.0,29126.0,822.0,206.0,27508.0,4783.0,4296.0,2399.0,4730.0,2161.0,18553.0
Buf_over,83583.0,83583.0,27902.0,792.0,194.0,26362.0,4579.0,4104.0,2315.0,4520.0,2077.0,17815.0
Buf_over,67376.0,67376.0,22394.0,657.0,140.0,21205.0,3661.0,3240.0,1937.0,3575.0,1699.0,14494.0
Buf_over,78791.0,78791.0,26270.0,752.0,178.0,24834.0,4307.0,3848.0,2203.0,4240.0,1965.0,16831.0
Buf_over,86578.0,86578.0,28922.0,817.0,204.0,27317.0,4749.0,4264.0,2385.0,4695.0,2147.0,18430.0
Buf_over,85979.0,85979.0,28718.0,812.0,202.0,27126.0,4715.0,4232.0,2371.0,4660.0,2133.0,18307.0
Buf_over,1059437.0,1059437.0,321449.0,827.0,208.0,326032.0,46549.0,4327.0,2413.0,88228.0,85639.0,185600.0
